id,user_type_id,access_menu_left_sub_id,active,created_by,created,modified
1,0,1,1,413047,2019-03-24 00:00:00,2019-03-24 00:00:00
2,0,2,1,413047,2019-03-24 00:00:00,2019-03-24 00:00:00
3,0,3,1,413047,2019-03-24 00:00:00,2019-03-24 00:00:00
4,0,4,1,413047,2019-03-24 00:00:00,2019-03-24 00:00:00
5,0,5,1,413047,2019-03-24 00:00:00,2019-03-24 00:00:00
6,0,6,1,413047,2019-03-24 00:00:00,2019-03-24 00:00:00
7,0,7,1,413047,2019-03-24 00:00:00,2019-03-24 00:00:00
8,0,8,1,413047,2019-03-24 00:00:00,2019-03-24 00:00:00
9,0,9,1,413047,2019-03-24 00:00:00,2019-03-24 00:00:00
10,0,10,1,413047,2019-03-24 00:00:00,2019-03-24 00:00:00
11,0,11,1,413047,2019-03-24 00:00:00,2019-03-24 00:00:00
12,0,12,1,413047,2019-03-24 00:00:00,2019-03-24 00:00:00
13,0,13,1,413047,2019-03-24 00:00:00,2019-03-24 00:00:00
14,0,14,1,413047,2019-03-24 00:00:00,2019-03-24 00:00:00
15,0,15,1,413047,2019-03-24 00:00:00,2019-03-24 00:00:00
16,0,16,1,413047,2019-03-24 00:00:00,2019-03-24 00:00:00
17,0,17,1,413047,2019-03-24 00:00:00,2019-03-24 00:00:00
18,0,18,1,413047,2019-03-24 00:00:00,2019-03-24 00:00:00
19,0,19,1,413047,2019-03-24 00:00:00,2019-03-24 00:00:00
20,0,20,1,413047,2019-03-24 00:00:00,2019-03-24 00:00:00
21,0,21,1,413047,2019-03-24 00:00:00,2019-03-24 00:00:00
22,0,22,1,413047,2019-03-24 00:00:00,2019-03-24 00:00:00
23,0,23,1,413047,2019-03-24 00:00:00,2019-03-24 00:00:00
24,0,24,1,413047,2019-03-24 00:00:00,2019-03-24 00:00:00
25,0,25,1,413047,2019-03-24 00:00:00,2019-03-24 00:00:00
26,0,26,1,413047,2019-03-24 00:00:00,2019-03-24 00:00:00
27,0,27,1,413047,2019-03-24 00:00:00,2019-03-24 00:00:00
28,0,28,1,413047,2019-03-24 00:00:00,2019-03-24 00:00:00
29,0,29,1,413047,2019-03-24 00:00:00,2019-03-24 00:00:00
30,0,30,1,413047,2019-03-24 00:00:00,2019-03-24 00:00:00
31,0,31,1,413047,2019-03-24 00:00:00,2019-03-24 00:00:00
32,0,32,1,413047,2019-03-24 00:00:00,2019-03-24 00:00:00
33,0,33,1,413047,2019-03-24 00:00:00,2019-03-24 00:00:00
34,0,34,1,413047,2019-03-24 00:00:00,2019-03-24 00:00:00
35,0,35,1,413047,2019-03-24 00:00:00,2019-03-24 00:00:00
36,0,36,1,413047,2019-03-24 00:00:00,2019-03-24 00:00:00
37,0,37,1,413047,2019-03-24 00:00:00,2019-03-24 00:00:00
38,0,38,1,413047,2019-03-24 00:00:00,2019-03-24 00:00:00
39,0,39,1,413047,2019-03-24 00:00:00,2019-03-24 00:00:00
40,0,40,1,413047,2019-03-24 00:00:00,2019-03-24 00:00:00
41,0,41,1,413047,2019-03-24 00:00:00,2019-03-24 00:00:00
42,0,42,1,413047,2019-03-24 00:00:00,2019-03-24 00:00:00
43,0,43,1,413047,2019-03-24 00:00:00,2019-03-24 00:00:00
44,0,44,1,413047,2019-03-24 00:00:00,2019-03-24 00:00:00
45,0,45,1,413047,2019-03-24 00:00:00,2019-03-24 00:00:00
46,0,46,1,413047,2019-03-24 00:00:00,2019-03-24 00:00:00
47,0,47,1,413047,2019-03-24 00:00:00,2019-03-24 00:00:00
48,0,48,1,413047,2019-03-24 00:00:00,2019-03-24 00:00:00
49,0,49,1,413047,2019-03-24 00:00:00,2019-03-24 00:00:00
50,0,50,1,413047,2019-03-24 00:00:00,2019-03-24 00:00:00
51,0,51,1,413047,2019-03-24 00:00:00,2019-03-24 00:00:00
52,0,52,1,413047,2019-03-24 00:00:00,2019-03-24 00:00:00
53,0,53,1,413047,2019-03-24 00:00:00,2019-03-24 00:00:00
54,0,54,1,413047,2019-03-24 00:00:00,2019-03-24 00:00:00
55,0,55,1,413047,2019-03-24 00:00:00,2019-03-24 00:00:00
56,0,56,1,413047,2019-03-24 00:00:00,2019-03-24 00:00:00
57,0,57,1,413047,2019-03-24 00:00:00,2019-03-24 00:00:00
58,0,58,1,413047,2019-03-24 00:00:00,2019-03-24 00:00:00
59,0,59,1,413047,2019-03-24 00:00:00,2019-03-24 00:00:00
60,0,60,1,413047,2019-03-24 00:00:00,2019-03-24 00:00:00
61,0,61,1,413047,2019-03-24 00:00:00,2019-03-24 00:00:00
62,0,62,1,413047,2019-03-24 00:00:00,2019-03-24 00:00:00
63,0,63,1,413047,2019-03-24 00:00:00,2019-03-24 00:00:00
64,0,64,1,413047,2019-03-24 00:00:00,2019-03-24 00:00:00
65,0,65,1,413047,2019-03-24 00:00:00,2019-03-24 00:00:00
66,0,66,0,413047,2019-03-24 00:00:00,2019-03-24 00:00:00
67,0,67,1,413047,2019-03-24 00:00:00,2019-03-24 00:00:00
68,0,68,1,413047,2019-03-24 00:00:00,2019-03-24 00:00:00
69,0,69,1,413047,2019-03-24 00:00:00,2019-03-24 00:00:00
70,0,70,1,413047,2019-03-24 00:00:00,2019-03-24 00:00:00
71,0,71,1,413047,2019-03-24 00:00:00,2019-03-24 00:00:00
72,0,72,1,413047,2019-03-24 00:00:00,2019-03-24 00:00:00
73,0,73,1,413047,2019-03-24 00:00:00,2019-03-24 00:00:00
74,0,74,1,413047,2019-03-24 00:00:00,2019-03-24 00:00:00
75,0,75,1,413047,2019-03-24 00:00:00,2019-03-24 00:00:00
76,0,76,1,413047,2019-03-24 00:00:00,2019-03-24 00:00:00
77,1,1,1,413047,2019-03-24 00:00:00,2019-03-24 00:00:00
78,1,2,1,413047,2019-03-24 00:00:00,2019-03-24 00:00:00
79,1,3,1,413047,2019-03-24 00:00:00,2019-03-24 00:00:00
80,1,4,1,413047,2019-03-24 00:00:00,2019-03-24 00:00:00
81,1,5,1,413047,2019-03-24 00:00:00,2019-03-24 00:00:00
82,1,6,1,413047,2019-03-24 00:00:00,2019-03-24 00:00:00
83,1,7,1,413047,2019-03-24 00:00:00,2019-03-24 00:00:00
84,1,8,1,413047,2019-03-24 00:00:00,2019-03-24 00:00:00
85,1,9,1,413047,2019-03-24 00:00:00,2019-03-24 00:00:00
86,1,10,1,413047,2019-03-24 00:00:00,2019-03-24 00:00:00
87,1,11,1,413047,2019-03-24 00:00:00,2019-03-24 00:00:00
88,1,12,1,413047,2019-03-24 00:00:00,2019-03-24 00:00:00
89,1,13,1,413047,2019-03-24 00:00:00,2019-03-24 00:00:00
90,1,14,1,413047,2019-03-24 00:00:00,2019-03-24 00:00:00
91,1,15,1,413047,2019-03-24 00:00:00,2019-03-24 00:00:00
92,1,16,1,413047,2019-03-24 00:00:00,2019-03-24 00:00:00
93,1,17,1,413047,2019-03-24 00:00:00,2019-03-24 00:00:00
94,1,18,1,413047,2019-03-24 00:00:00,2019-03-24 00:00:00
95,1,19,1,413047,2019-03-24 00:00:00,2019-03-24 00:00:00
96,1,20,1,413047,2019-03-24 00:00:00,2019-03-24 00:00:00
97,1,21,1,413047,2019-03-24 00:00:00,2019-03-24 00:00:00
98,1,22,1,413047,2019-03-24 00:00:00,2019-03-24 00:00:00
99,1,23,1,413047,2019-03-24 00:00:00,2019-03-24 00:00:00
100,1,24,1,413047,2019-03-24 00:00:00,2019-03-24 00:00:00
101,1,25,1,413047,2019-03-24 00:00:00,2019-03-24 00:00:00
102,1,26,1,413047,2019-03-24 00:00:00,2019-03-24 00:00:00
103,1,27,1,413047,2019-03-24 00:00:00,2019-03-24 00:00:00
104,1,28,1,413047,2019-03-24 00:00:00,2019-03-24 00:00:00
105,1,29,1,413047,2019-03-24 00:00:00,2019-03-24 00:00:00
106,1,30,1,413047,2019-03-24 00:00:00,2019-03-24 00:00:00
107,1,31,1,413047,2019-03-24 00:00:00,2019-03-24 00:00:00
108,1,32,1,413047,2019-03-24 00:00:00,2019-03-24 00:00:00
109,1,33,1,413047,2019-03-24 00:00:00,2019-03-24 00:00:00
110,1,34,1,413047,2019-03-24 00:00:00,2019-03-24 00:00:00
111,1,35,1,413047,2019-03-24 00:00:00,2019-03-24 00:00:00
112,1,36,1,413047,2019-03-24 00:00:00,2019-03-24 00:00:00
113,1,37,1,413047,2019-03-24 00:00:00,2019-03-24 00:00:00
114,1,38,1,413047,2019-03-24 00:00:00,2019-03-24 00:00:00
115,1,39,1,413047,2019-03-24 00:00:00,2019-03-24 00:00:00
116,1,40,1,413047,2019-03-24 00:00:00,2019-03-24 00:00:00
117,1,41,1,413047,2019-03-24 00:00:00,2019-03-24 00:00:00
118,1,42,1,413047,2019-03-24 00:00:00,2019-03-24 00:00:00
119,1,43,1,413047,2019-03-24 00:00:00,2019-03-24 00:00:00
120,1,44,1,413047,2019-03-24 00:00:00,2019-03-24 00:00:00
121,1,45,1,413047,2019-03-24 00:00:00,2019-03-24 00:00:00
122,1,46,1,413047,2019-03-24 00:00:00,2019-03-24 00:00:00
123,1,47,1,413047,2019-03-24 00:00:00,2019-03-24 00:00:00
124,1,48,1,413047,2019-03-24 00:00:00,2019-03-24 00:00:00
125,1,49,1,413047,2019-03-24 00:00:00,2019-03-24 00:00:00
126,1,50,1,413047,2019-03-24 00:00:00,2019-03-24 00:00:00
127,1,51,1,413047,2019-03-24 00:00:00,2019-03-24 00:00:00
128,1,52,1,413047,2019-03-24 00:00:00,2019-03-24 00:00:00
129,1,53,1,413047,2019-03-24 00:00:00,2019-03-24 00:00:00
130,1,54,1,413047,2019-03-24 00:00:00,2019-03-24 00:00:00
131,1,55,1,413047,2019-03-24 00:00:00,2019-03-24 00:00:00
132,1,56,1,413047,2019-03-24 00:00:00,2019-03-24 00:00:00
133,1,57,1,413047,2019-03-24 00:00:00,2019-03-24 00:00:00
134,1,58,1,413047,2019-03-24 00:00:00,2019-03-24 00:00:00
135,1,59,1,413047,2019-03-24 00:00:00,2019-03-24 00:00:00
136,1,60,1,413047,2019-03-24 00:00:00,2019-03-24 00:00:00
137,1,61,1,413047,2019-03-24 00:00:00,2019-03-24 00:00:00
138,1,62,1,413047,2019-03-24 00:00:00,2019-03-24 00:00:00
139,1,63,1,413047,2019-03-24 00:00:00,2019-03-24 00:00:00
140,1,64,1,413047,2019-03-24 00:00:00,2019-03-24 00:00:00
141,1,65,1,413047,2019-03-24 00:00:00,2019-03-24 00:00:00
142,1,66,1,413047,2019-03-24 00:00:00,2019-03-24 00:00:00
143,1,67,1,413047,2019-03-24 00:00:00,2019-03-24 00:00:00
144,1,68,1,413047,2019-03-24 00:00:00,2019-03-24 00:00:00
145,1,69,1,413047,2019-03-24 00:00:00,2019-03-24 00:00:00
146,1,70,1,413047,2019-03-24 00:00:00,2019-03-24 00:00:00
147,1,71,1,413047,2019-03-24 00:00:00,2019-03-24 00:00:00
148,1,72,1,413047,2019-03-24 00:00:00,2019-03-24 00:00:00
149,1,73,1,413047,2019-03-24 00:00:00,2019-03-24 00:00:00
150,1,74,1,413047,2019-03-24 00:00:00,2019-03-24 00:00:00
151,1,75,1,413047,2019-03-24 00:00:00,2019-03-24 00:00:00
152,1,76,0,413047,2019-03-24 00:00:00,2019-03-24 00:00:00
153,2,1,1,413047,2019-03-24 00:00:00,2019-03-24 00:00:00
154,2,2,1,413047,2019-03-24 00:00:00,2019-03-24 00:00:00
155,2,3,1,413047,2019-03-24 00:00:00,2019-03-24 00:00:00
156,2,4,1,413047,2019-03-24 00:00:00,2019-03-24 00:00:00
157,2,5,1,413047,2019-03-24 00:00:00,2019-03-24 00:00:00
158,2,6,1,413047,2019-03-24 00:00:00,2019-03-24 00:00:00
159,2,7,1,413047,2019-03-24 00:00:00,2019-03-24 00:00:00
160,2,8,1,413047,2019-03-24 00:00:00,2019-03-24 00:00:00
161,2,9,1,413047,2019-03-24 00:00:00,2019-03-24 00:00:00
162,2,10,1,413047,2019-03-24 00:00:00,2019-03-24 00:00:00
163,2,11,1,413047,2019-03-24 00:00:00,2019-03-24 00:00:00
164,2,12,1,413047,2019-03-24 00:00:00,2019-03-24 00:00:00
165,2,13,1,413047,2019-03-24 00:00:00,2019-03-24 00:00:00
166,2,14,1,413047,2019-03-24 00:00:00,2019-03-24 00:00:00
167,2,15,1,413047,2019-03-24 00:00:00,2019-03-24 00:00:00
168,2,16,1,413047,2019-03-24 00:00:00,2019-03-24 00:00:00
169,2,17,1,413047,2019-03-24 00:00:00,2019-03-24 00:00:00
170,2,18,1,413047,2019-03-24 00:00:00,2019-03-24 00:00:00
171,2,19,1,413047,2019-03-24 00:00:00,2019-03-24 00:00:00
172,2,20,1,413047,2019-03-24 00:00:00,2019-03-24 00:00:00
173,2,21,1,413047,2019-03-24 00:00:00,2019-03-24 00:00:00
174,2,22,1,413047,2019-03-24 00:00:00,2019-03-24 00:00:00
175,2,23,1,413047,2019-03-24 00:00:00,2019-03-24 00:00:00
176,2,24,1,413047,2019-03-24 00:00:00,2019-03-24 00:00:00
177,2,25,1,413047,2019-03-24 00:00:00,2019-03-24 00:00:00
178,2,26,1,413047,2019-03-24 00:00:00,2019-03-24 00:00:00
179,2,27,1,413047,2019-03-24 00:00:00,2019-03-24 00:00:00
180,2,28,1,413047,2019-03-24 00:00:00,2019-03-24 00:00:00
181,2,29,1,413047,2019-03-24 00:00:00,2019-03-24 00:00:00
182,2,30,1,413047,2019-03-24 00:00:00,2019-03-24 00:00:00
183,2,31,1,413047,2019-03-24 00:00:00,2019-03-24 00:00:00
184,2,32,1,413047,2019-03-24 00:00:00,2019-03-24 00:00:00
185,2,33,1,413047,2019-03-24 00:00:00,2019-03-24 00:00:00
186,2,34,1,413047,2019-03-24 00:00:00,2019-03-24 00:00:00
187,2,35,1,413047,2019-03-24 00:00:00,2019-03-24 00:00:00
188,2,36,1,413047,2019-03-24 00:00:00,2019-03-24 00:00:00
189,2,37,1,413047,2019-03-24 00:00:00,2019-03-24 00:00:00
190,2,38,1,413047,2019-03-24 00:00:00,2019-03-24 00:00:00
191,2,39,1,413047,2019-03-24 00:00:00,2019-03-24 00:00:00
192,2,40,1,413047,2019-03-24 00:00:00,2019-03-24 00:00:00
193,2,41,1,413047,2019-03-24 00:00:00,2019-03-24 00:00:00
194,2,42,1,413047,2019-03-24 00:00:00,2019-03-24 00:00:00
195,2,43,1,413047,2019-03-24 00:00:00,2019-03-24 00:00:00
196,2,44,1,413047,2019-03-24 00:00:00,2019-03-24 00:00:00
197,2,45,0,413047,2019-03-24 00:00:00,2019-03-24 00:00:00
198,2,46,1,413047,2019-03-24 00:00:00,2019-03-24 00:00:00
199,2,47,1,413047,2019-03-24 00:00:00,2019-03-24 00:00:00
200,2,48,1,413047,2019-03-24 00:00:00,2019-03-24 00:00:00
201,2,49,1,413047,2019-03-24 00:00:00,2019-03-24 00:00:00
202,2,50,1,413047,2019-03-24 00:00:00,2019-03-24 00:00:00
203,2,51,1,413047,2019-03-24 00:00:00,2019-03-24 00:00:00
204,2,52,1,413047,2019-03-24 00:00:00,2019-03-24 00:00:00
205,2,53,1,413047,2019-03-24 00:00:00,2019-03-24 00:00:00
206,2,54,1,413047,2019-03-24 00:00:00,2019-03-24 00:00:00
207,2,55,1,413047,2019-03-24 00:00:00,2019-03-24 00:00:00
208,2,56,1,413047,2019-03-24 00:00:00,2019-03-24 00:00:00
209,2,57,1,413047,2019-03-24 00:00:00,2019-03-24 00:00:00
210,2,58,1,413047,2019-03-24 00:00:00,2019-03-24 00:00:00
211,2,59,1,413047,2019-03-24 00:00:00,2019-03-24 00:00:00
212,2,60,1,413047,2019-03-24 00:00:00,2019-03-24 00:00:00
213,2,61,1,413047,2019-03-24 00:00:00,2019-03-24 00:00:00
214,2,62,1,413047,2019-03-24 00:00:00,2019-03-24 00:00:00
215,2,63,1,413047,2019-03-24 00:00:00,2019-03-24 00:00:00
216,2,64,1,413047,2019-03-24 00:00:00,2019-03-24 00:00:00
217,2,65,1,413047,2019-03-24 00:00:00,2019-03-24 00:00:00
218,2,66,0,413047,2019-03-24 00:00:00,2019-03-24 00:00:00
219,2,67,1,413047,2019-03-24 00:00:00,2019-03-24 00:00:00
220,2,68,1,413047,2019-03-24 00:00:00,2019-03-24 00:00:00
221,2,69,1,413047,2019-03-24 00:00:00,2019-03-24 00:00:00
222,2,70,1,413047,2019-03-24 00:00:00,2019-03-24 00:00:00
223,2,71,1,413047,2019-03-24 00:00:00,2019-03-24 00:00:00
224,2,72,1,413047,2019-03-24 00:00:00,2019-03-24 00:00:00
225,2,73,1,413047,2019-03-24 00:00:00,2019-03-24 00:00:00
226,2,74,1,413047,2019-03-24 00:00:00,2019-03-24 00:00:00
227,2,75,1,413047,2019-03-24 00:00:00,2019-03-24 00:00:00
228,2,76,0,413047,2019-03-24 00:00:00,2019-03-24 00:00:00
229,3,1,1,413047,2019-03-24 00:00:00,2019-03-24 00:00:00
230,3,2,0,413047,2019-03-24 00:00:00,2019-03-24 00:00:00
231,3,3,0,413047,2019-03-24 00:00:00,2019-03-24 00:00:00
232,3,4,0,413047,2019-03-24 00:00:00,2019-03-24 00:00:00
233,3,5,0,413047,2019-03-24 00:00:00,2019-03-24 00:00:00
234,3,6,0,413047,2019-03-24 00:00:00,2019-03-24 00:00:00
235,3,7,0,413047,2019-03-24 00:00:00,2019-03-24 00:00:00
236,3,8,1,413047,2019-03-24 00:00:00,2019-03-24 00:00:00
237,3,9,0,413047,2019-03-24 00:00:00,2019-03-24 00:00:00
238,3,10,1,413047,2019-03-24 00:00:00,2019-03-24 00:00:00
239,3,11,1,413047,2019-03-24 00:00:00,2019-03-24 00:00:00
240,3,12,1,413047,2019-03-24 00:00:00,2019-03-24 00:00:00
241,3,13,1,413047,2019-03-24 00:00:00,2019-03-24 00:00:00
242,3,14,1,413047,2019-03-24 00:00:00,2019-03-24 00:00:00
243,3,15,1,413047,2019-03-24 00:00:00,2019-03-24 00:00:00
244,3,16,1,413047,2019-03-24 00:00:00,2019-03-24 00:00:00
245,3,17,1,413047,2019-03-24 00:00:00,2019-03-24 00:00:00
246,3,18,1,413047,2019-03-24 00:00:00,2019-03-24 00:00:00
247,3,19,1,413047,2019-03-24 00:00:00,2019-03-24 00:00:00
248,3,20,1,413047,2019-03-24 00:00:00,2019-03-24 00:00:00
249,3,21,1,413047,2019-03-24 00:00:00,2019-03-24 00:00:00
250,3,22,1,413047,2019-03-24 00:00:00,2019-03-24 00:00:00
251,3,23,1,413047,2019-03-24 00:00:00,2019-03-24 00:00:00
252,3,24,1,413047,2019-03-24 00:00:00,2019-03-24 00:00:00
253,3,25,1,413047,2019-03-24 00:00:00,2019-03-24 00:00:00
254,3,26,1,413047,2019-03-24 00:00:00,2019-03-24 00:00:00
255,3,27,1,413047,2019-03-24 00:00:00,2019-03-24 00:00:00
256,3,28,1,413047,2019-03-24 00:00:00,2019-03-24 00:00:00
257,3,29,1,413047,2019-03-24 00:00:00,2019-03-24 00:00:00
258,3,30,0,413047,2019-03-24 00:00:00,2019-03-24 00:00:00
259,3,31,0,413047,2019-03-24 00:00:00,2019-03-24 00:00:00
260,3,32,0,413047,2019-03-24 00:00:00,2019-03-24 00:00:00
261,3,33,0,413047,2019-03-24 00:00:00,2019-03-24 00:00:00
262,3,34,0,413047,2019-03-24 00:00:00,2019-03-24 00:00:00
263,3,35,0,413047,2019-03-24 00:00:00,2019-03-24 00:00:00
264,3,36,0,413047,2019-03-24 00:00:00,2019-03-24 00:00:00
265,3,37,0,413047,2019-03-24 00:00:00,2019-03-24 00:00:00
266,3,38,0,413047,2019-03-24 00:00:00,2019-03-24 00:00:00
267,3,39,0,413047,2019-03-24 00:00:00,2019-03-24 00:00:00
268,3,40,0,413047,2019-03-24 00:00:00,2019-03-24 00:00:00
269,3,41,0,413047,2019-03-24 00:00:00,2019-03-24 00:00:00
270,3,42,0,413047,2019-03-24 00:00:00,2019-03-24 00:00:00
271,3,43,0,413047,2019-03-24 00:00:00,2019-03-24 00:00:00
272,3,44,0,413047,2019-03-24 00:00:00,2019-03-24 00:00:00
273,3,45,1,413047,2019-03-24 00:00:00,2019-03-24 00:00:00
274,3,46,1,413047,2019-03-24 00:00:00,2019-03-24 00:00:00
275,3,47,1,413047,2019-03-24 00:00:00,2019-03-24 00:00:00
276,3,48,1,413047,2019-03-24 00:00:00,2019-03-24 00:00:00
277,3,49,1,413047,2019-03-24 00:00:00,2019-03-24 00:00:00
278,3,50,1,413047,2019-03-24 00:00:00,2019-03-24 00:00:00
279,3,51,1,413047,2019-03-24 00:00:00,2019-03-24 00:00:00
280,3,52,1,413047,2019-03-24 00:00:00,2019-03-24 00:00:00
281,3,53,1,413047,2019-03-24 00:00:00,2019-03-24 00:00:00
282,3,54,1,413047,2019-03-24 00:00:00,2019-03-24 00:00:00
283,3,55,1,413047,2019-03-24 00:00:00,2019-03-24 00:00:00
284,3,56,1,413047,2019-03-24 00:00:00,2019-03-24 00:00:00
285,3,57,0,413047,2019-03-24 00:00:00,2019-03-24 00:00:00
286,3,58,0,413047,2019-03-24 00:00:00,2019-03-24 00:00:00
287,3,59,0,413047,2019-03-24 00:00:00,2019-03-24 00:00:00
288,3,60,0,413047,2019-03-24 00:00:00,2019-03-24 00:00:00
289,3,61,0,413047,2019-03-24 00:00:00,2019-03-24 00:00:00
290,3,62,0,413047,2019-03-24 00:00:00,2019-03-24 00:00:00
291,3,63,0,413047,2019-03-24 00:00:00,2019-03-24 00:00:00
292,3,64,0,413047,2019-03-24 00:00:00,2019-03-24 00:00:00
293,3,65,0,413047,2019-03-24 00:00:00,2019-03-24 00:00:00
294,3,66,0,413047,2019-03-24 00:00:00,2019-03-24 00:00:00
295,3,67,0,413047,2019-03-24 00:00:00,2019-03-24 00:00:00
296,3,68,0,413047,2019-03-24 00:00:00,2019-03-24 00:00:00
297,3,69,0,413047,2019-03-24 00:00:00,2019-03-24 00:00:00
298,3,70,0,413047,2019-03-24 00:00:00,2019-03-24 00:00:00
299,3,71,0,413047,2019-03-24 00:00:00,2019-03-24 00:00:00
300,3,72,0,413047,2019-03-24 00:00:00,2019-03-24 00:00:00
301,3,73,0,413047,2019-03-24 00:00:00,2019-03-24 00:00:00
302,3,74,0,413047,2019-03-24 00:00:00,2019-03-24 00:00:00
303,3,75,0,413047,2019-03-24 00:00:00,2019-03-24 00:00:00
304,3,76,0,413047,2019-03-24 00:00:00,2019-03-24 00:00:00
305,4,1,1,413047,2019-03-24 00:00:00,2019-03-24 00:00:00
306,4,2,0,413047,2019-03-24 00:00:00,2019-03-24 00:00:00
307,4,3,0,413047,2019-03-24 00:00:00,2019-03-24 00:00:00
308,4,4,0,413047,2019-03-24 00:00:00,2019-03-24 00:00:00
309,4,5,0,413047,2019-03-24 00:00:00,2019-03-24 00:00:00
310,4,6,0,413047,2019-03-24 00:00:00,2019-03-24 00:00:00
311,4,7,0,413047,2019-03-24 00:00:00,2019-03-24 00:00:00
312,4,8,0,413047,2019-03-24 00:00:00,2019-03-24 00:00:00
313,4,9,1,413047,2019-03-24 00:00:00,2019-03-24 00:00:00
314,4,10,1,413047,2019-03-24 00:00:00,2019-03-24 00:00:00
315,4,11,1,413047,2019-03-24 00:00:00,2019-03-24 00:00:00
316,4,12,1,413047,2019-03-24 00:00:00,2019-03-24 00:00:00
317,4,13,1,413047,2019-03-24 00:00:00,2019-03-24 00:00:00
318,4,14,1,413047,2019-03-24 00:00:00,2019-03-24 00:00:00
319,4,15,1,413047,2019-03-24 00:00:00,2019-03-24 00:00:00
320,4,16,1,413047,2019-03-24 00:00:00,2019-03-24 00:00:00
321,4,17,1,413047,2019-03-24 00:00:00,2019-03-24 00:00:00
322,4,18,1,413047,2019-03-24 00:00:00,2019-03-24 00:00:00
323,4,19,1,413047,2019-03-24 00:00:00,2019-03-24 00:00:00
324,4,20,1,413047,2019-03-24 00:00:00,2019-03-24 00:00:00
325,4,21,1,413047,2019-03-24 00:00:00,2019-03-24 00:00:00
326,4,22,1,413047,2019-03-24 00:00:00,2019-03-24 00:00:00
327,4,23,1,413047,2019-03-24 00:00:00,2019-03-24 00:00:00
328,4,24,1,413047,2019-03-24 00:00:00,2019-03-24 00:00:00
329,4,25,1,413047,2019-03-24 00:00:00,2019-03-24 00:00:00
330,4,26,1,413047,2019-03-24 00:00:00,2019-03-24 00:00:00
331,4,27,1,413047,2019-03-24 00:00:00,2019-03-24 00:00:00
332,4,28,1,413047,2019-03-24 00:00:00,2019-03-24 00:00:00
333,4,29,1,413047,2019-03-24 00:00:00,2019-03-24 00:00:00
334,4,30,0,413047,2019-03-24 00:00:00,2019-03-24 00:00:00
335,4,31,0,413047,2019-03-24 00:00:00,2019-03-24 00:00:00
336,4,32,0,413047,2019-03-24 00:00:00,2019-03-24 00:00:00
337,4,33,0,413047,2019-03-24 00:00:00,2019-03-24 00:00:00
338,4,34,0,413047,2019-03-24 00:00:00,2019-03-24 00:00:00
339,4,35,0,413047,2019-03-24 00:00:00,2019-03-24 00:00:00
340,4,36,0,413047,2019-03-24 00:00:00,2019-03-24 00:00:00
341,4,37,0,413047,2019-03-24 00:00:00,2019-03-24 00:00:00
342,4,38,0,413047,2019-03-24 00:00:00,2019-03-24 00:00:00
343,4,39,0,413047,2019-03-24 00:00:00,2019-03-24 00:00:00
344,4,40,0,413047,2019-03-24 00:00:00,2019-03-24 00:00:00
345,4,41,0,413047,2019-03-24 00:00:00,2019-03-24 00:00:00
346,4,42,0,413047,2019-03-24 00:00:00,2019-03-24 00:00:00
347,4,43,0,413047,2019-03-24 00:00:00,2019-03-24 00:00:00
348,4,44,0,413047,2019-03-24 00:00:00,2019-03-24 00:00:00
349,4,45,1,413047,2019-03-24 00:00:00,2019-03-24 00:00:00
350,4,46,1,413047,2019-03-24 00:00:00,2019-03-24 00:00:00
351,4,47,1,413047,2019-03-24 00:00:00,2019-03-24 00:00:00
352,4,48,1,413047,2019-03-24 00:00:00,2019-03-24 00:00:00
353,4,49,1,413047,2019-03-24 00:00:00,2019-03-24 00:00:00
354,4,50,1,413047,2019-03-24 00:00:00,2019-03-24 00:00:00
355,4,51,1,413047,2019-03-24 00:00:00,2019-03-24 00:00:00
356,4,52,1,413047,2019-03-24 00:00:00,2019-03-24 00:00:00
357,4,53,1,413047,2019-03-24 00:00:00,2019-03-24 00:00:00
358,4,54,1,413047,2019-03-24 00:00:00,2019-03-24 00:00:00
359,4,55,1,413047,2019-03-24 00:00:00,2019-03-24 00:00:00
360,4,56,1,413047,2019-03-24 00:00:00,2019-03-24 00:00:00
361,4,57,0,413047,2019-03-24 00:00:00,2019-03-24 00:00:00
362,4,58,0,413047,2019-03-24 00:00:00,2019-03-24 00:00:00
363,4,59,0,413047,2019-03-24 00:00:00,2019-03-24 00:00:00
364,4,60,0,413047,2019-03-24 00:00:00,2019-03-24 00:00:00
365,4,61,0,413047,2019-03-24 00:00:00,2019-03-24 00:00:00
366,4,62,0,413047,2019-03-24 00:00:00,2019-03-24 00:00:00
367,4,63,0,413047,2019-03-24 00:00:00,2019-03-24 00:00:00
368,4,64,0,413047,2019-03-24 00:00:00,2019-03-24 00:00:00
369,4,65,0,413047,2019-03-24 00:00:00,2019-03-24 00:00:00
370,4,66,0,413047,2019-03-24 00:00:00,2019-03-24 00:00:00
371,4,67,0,413047,2019-03-24 00:00:00,2019-03-24 00:00:00
372,4,68,0,413047,2019-03-24 00:00:00,2019-03-24 00:00:00
373,4,69,0,413047,2019-03-24 00:00:00,2019-03-24 00:00:00
374,4,70,0,413047,2019-03-24 00:00:00,2019-03-24 00:00:00
375,4,71,0,413047,2019-03-24 00:00:00,2019-03-24 00:00:00
376,4,72,0,413047,2019-03-24 00:00:00,2019-03-24 00:00:00
377,4,73,0,413047,2019-03-24 00:00:00,2019-03-24 00:00:00
378,4,74,0,413047,2019-03-24 00:00:00,2019-03-24 00:00:00
379,4,75,0,413047,2019-03-24 00:00:00,2019-03-24 00:00:00
380,4,76,0,413047,2019-03-24 00:00:00,2019-03-24 00:00:00
381,5,1,1,413047,2019-03-24 00:00:00,2019-03-24 00:00:00
382,5,2,0,413047,2019-03-24 00:00:00,2019-03-24 00:00:00
383,5,3,0,413047,2019-03-24 00:00:00,2019-03-24 00:00:00
384,5,4,0,413047,2019-03-24 00:00:00,2019-03-24 00:00:00
385,5,5,0,413047,2019-03-24 00:00:00,2019-03-24 00:00:00
386,5,6,0,413047,2019-03-24 00:00:00,2019-03-24 00:00:00
387,5,7,0,413047,2019-03-24 00:00:00,2019-03-24 00:00:00
388,5,8,0,413047,2019-03-24 00:00:00,2019-03-24 00:00:00
389,5,9,1,413047,2019-03-24 00:00:00,2019-03-24 00:00:00
390,5,10,1,413047,2019-03-24 00:00:00,2019-03-24 00:00:00
391,5,11,1,413047,2019-03-24 00:00:00,2019-03-24 00:00:00
392,5,12,1,413047,2019-03-24 00:00:00,2019-03-24 00:00:00
393,5,13,1,413047,2019-03-24 00:00:00,2019-03-24 00:00:00
394,5,14,1,413047,2019-03-24 00:00:00,2019-03-24 00:00:00
395,5,15,1,413047,2019-03-24 00:00:00,2019-03-24 00:00:00
396,5,16,1,413047,2019-03-24 00:00:00,2019-03-24 00:00:00
397,5,17,1,413047,2019-03-24 00:00:00,2019-03-24 00:00:00
398,5,18,1,413047,2019-03-24 00:00:00,2019-03-24 00:00:00
399,5,19,1,413047,2019-03-24 00:00:00,2019-03-24 00:00:00
400,5,20,1,413047,2019-03-24 00:00:00,2019-03-24 00:00:00
401,5,21,1,413047,2019-03-24 00:00:00,2019-03-24 00:00:00
402,5,22,1,413047,2019-03-24 00:00:00,2019-03-24 00:00:00
403,5,23,1,413047,2019-03-24 00:00:00,2019-03-24 00:00:00
404,5,24,1,413047,2019-03-24 00:00:00,2019-03-24 00:00:00
405,5,25,1,413047,2019-03-24 00:00:00,2019-03-24 00:00:00
406,5,26,1,413047,2019-03-24 00:00:00,2019-03-24 00:00:00
407,5,27,1,413047,2019-03-24 00:00:00,2019-03-24 00:00:00
408,5,28,1,413047,2019-03-24 00:00:00,2019-03-24 00:00:00
409,5,29,1,413047,2019-03-24 00:00:00,2019-03-24 00:00:00
410,5,30,0,413047,2019-03-24 00:00:00,2019-03-24 00:00:00
411,5,31,0,413047,2019-03-24 00:00:00,2019-03-24 00:00:00
412,5,32,0,413047,2019-03-24 00:00:00,2019-03-24 00:00:00
413,5,33,0,413047,2019-03-24 00:00:00,2019-03-24 00:00:00
414,5,34,0,413047,2019-03-24 00:00:00,2019-03-24 00:00:00
415,5,35,0,413047,2019-03-24 00:00:00,2019-03-24 00:00:00
416,5,36,0,413047,2019-03-24 00:00:00,2019-03-24 00:00:00
417,5,37,0,413047,2019-03-24 00:00:00,2019-03-24 00:00:00
418,5,38,0,413047,2019-03-24 00:00:00,2019-03-24 00:00:00
419,5,39,0,413047,2019-03-24 00:00:00,2019-03-24 00:00:00
420,5,40,0,413047,2019-03-24 00:00:00,2019-03-24 00:00:00
421,5,41,0,413047,2019-03-24 00:00:00,2019-03-24 00:00:00
422,5,42,0,413047,2019-03-24 00:00:00,2019-03-24 00:00:00
423,5,43,0,413047,2019-03-24 00:00:00,2019-03-24 00:00:00
424,5,44,0,413047,2019-03-24 00:00:00,2019-03-24 00:00:00
425,5,45,1,413047,2019-03-24 00:00:00,2019-03-24 00:00:00
426,5,46,1,413047,2019-03-24 00:00:00,2019-03-24 00:00:00
427,5,47,1,413047,2019-03-24 00:00:00,2019-03-24 00:00:00
428,5,48,1,413047,2019-03-24 00:00:00,2019-03-24 00:00:00
429,5,49,1,413047,2019-03-24 00:00:00,2019-03-24 00:00:00
430,5,50,1,413047,2019-03-24 00:00:00,2019-03-24 00:00:00
431,5,51,1,413047,2019-03-24 00:00:00,2019-03-24 00:00:00
432,5,52,1,413047,2019-03-24 00:00:00,2019-03-24 00:00:00
433,5,53,1,413047,2019-03-24 00:00:00,2019-03-24 00:00:00
434,5,54,1,413047,2019-03-24 00:00:00,2019-03-24 00:00:00
435,5,55,1,413047,2019-03-24 00:00:00,2019-03-24 00:00:00
436,5,56,1,413047,2019-03-24 00:00:00,2019-03-24 00:00:00
437,5,57,0,413047,2019-03-24 00:00:00,2019-03-24 00:00:00
438,5,58,0,413047,2019-03-24 00:00:00,2019-03-24 00:00:00
439,5,59,0,413047,2019-03-24 00:00:00,2019-03-24 00:00:00
440,5,60,0,413047,2019-03-24 00:00:00,2019-03-24 00:00:00
441,5,61,0,413047,2019-03-24 00:00:00,2019-03-24 00:00:00
442,5,62,0,413047,2019-03-24 00:00:00,2019-03-24 00:00:00
443,5,63,0,413047,2019-03-24 00:00:00,2019-03-24 00:00:00
444,5,64,0,413047,2019-03-24 00:00:00,2019-03-24 00:00:00
445,5,65,0,413047,2019-03-24 00:00:00,2019-03-24 00:00:00
446,5,66,0,413047,2019-03-24 00:00:00,2019-03-24 00:00:00
447,5,67,0,413047,2019-03-24 00:00:00,2019-03-24 00:00:00
448,5,68,0,413047,2019-03-24 00:00:00,2019-03-24 00:00:00
449,5,69,0,413047,2019-03-24 00:00:00,2019-03-24 00:00:00
450,5,70,0,413047,2019-03-24 00:00:00,2019-03-24 00:00:00
451,5,71,0,413047,2019-03-24 00:00:00,2019-03-24 00:00:00
452,5,72,0,413047,2019-03-24 00:00:00,2019-03-24 00:00:00
453,5,73,0,413047,2019-03-24 00:00:00,2019-03-24 00:00:00
454,5,74,0,413047,2019-03-24 00:00:00,2019-03-24 00:00:00
455,5,75,0,413047,2019-03-24 00:00:00,2019-03-24 00:00:00
456,5,76,0,413047,2019-03-24 00:00:00,2019-03-24 00:00:00
457,6,1,1,413047,2019-03-24 00:00:00,2019-03-24 00:00:00
458,6,2,0,413047,2019-03-24 00:00:00,2019-03-24 00:00:00
459,6,3,0,413047,2019-03-24 00:00:00,2019-03-24 00:00:00
460,6,4,0,413047,2019-03-24 00:00:00,2019-03-24 00:00:00
461,6,5,0,413047,2019-03-24 00:00:00,2019-03-24 00:00:00
462,6,6,0,413047,2019-03-24 00:00:00,2019-03-24 00:00:00
463,6,7,0,413047,2019-03-24 00:00:00,2019-03-24 00:00:00
464,6,8,0,413047,2019-03-24 00:00:00,2019-03-24 00:00:00
465,6,9,0,413047,2019-03-24 00:00:00,2019-03-24 00:00:00
466,6,10,0,413047,2019-03-24 00:00:00,2019-03-24 00:00:00
467,6,11,0,413047,2019-03-24 00:00:00,2019-03-24 00:00:00
468,6,12,0,413047,2019-03-24 00:00:00,2019-03-24 00:00:00
469,6,13,0,413047,2019-03-24 00:00:00,2019-03-24 00:00:00
470,6,14,0,413047,2019-03-24 00:00:00,2019-03-24 00:00:00
471,6,15,1,413047,2019-03-24 00:00:00,2019-03-24 00:00:00
472,6,16,1,413047,2019-03-24 00:00:00,2019-03-24 00:00:00
473,6,17,0,413047,2019-03-24 00:00:00,2019-03-24 00:00:00
474,6,18,0,413047,2019-03-24 00:00:00,2019-03-24 00:00:00
475,6,19,0,413047,2019-03-24 00:00:00,2019-03-24 00:00:00
476,6,20,0,413047,2019-03-24 00:00:00,2019-03-24 00:00:00
477,6,21,1,413047,2019-03-24 00:00:00,2019-03-24 00:00:00
478,6,22,1,413047,2019-03-24 00:00:00,2019-03-24 00:00:00
479,6,23,0,413047,2019-03-24 00:00:00,2019-03-24 00:00:00
480,6,24,0,413047,2019-03-24 00:00:00,2019-03-24 00:00:00
481,6,25,0,413047,2019-03-24 00:00:00,2019-03-24 00:00:00
482,6,26,0,413047,2019-03-24 00:00:00,2019-03-24 00:00:00
483,6,27,0,413047,2019-03-24 00:00:00,2019-03-24 00:00:00
484,6,28,1,413047,2019-03-24 00:00:00,2019-03-24 00:00:00
485,6,29,1,413047,2019-03-24 00:00:00,2019-03-24 00:00:00
486,6,30,0,413047,2019-03-24 00:00:00,2019-03-24 00:00:00
487,6,31,0,413047,2019-03-24 00:00:00,2019-03-24 00:00:00
488,6,32,0,413047,2019-03-24 00:00:00,2019-03-24 00:00:00
489,6,33,0,413047,2019-03-24 00:00:00,2019-03-24 00:00:00
490,6,34,0,413047,2019-03-24 00:00:00,2019-03-24 00:00:00
491,6,35,0,413047,2019-03-24 00:00:00,2019-03-24 00:00:00
492,6,36,0,413047,2019-03-24 00:00:00,2019-03-24 00:00:00
493,6,37,0,413047,2019-03-24 00:00:00,2019-03-24 00:00:00
494,6,38,0,413047,2019-03-24 00:00:00,2019-03-24 00:00:00
495,6,39,0,413047,2019-03-24 00:00:00,2019-03-24 00:00:00
496,6,40,0,413047,2019-03-24 00:00:00,2019-03-24 00:00:00
497,6,41,0,413047,2019-03-24 00:00:00,2019-03-24 00:00:00
498,6,42,0,413047,2019-03-24 00:00:00,2019-03-24 00:00:00
499,6,43,0,413047,2019-03-24 00:00:00,2019-03-24 00:00:00
500,6,44,0,413047,2019-03-24 00:00:00,2019-03-24 00:00:00
501,6,45,0,413047,2019-03-24 00:00:00,2019-03-24 00:00:00
502,6,46,0,413047,2019-03-24 00:00:00,2019-03-24 00:00:00
503,6,47,0,413047,2019-03-24 00:00:00,2019-03-24 00:00:00
504,6,48,0,413047,2019-03-24 00:00:00,2019-03-24 00:00:00
505,6,49,0,413047,2019-03-24 00:00:00,2019-03-24 00:00:00
506,6,50,0,413047,2019-03-24 00:00:00,2019-03-24 00:00:00
507,6,51,0,413047,2019-03-24 00:00:00,2019-03-24 00:00:00
508,6,52,0,413047,2019-03-24 00:00:00,2019-03-24 00:00:00
509,6,53,0,413047,2019-03-24 00:00:00,2019-03-24 00:00:00
510,6,54,0,413047,2019-03-24 00:00:00,2019-03-24 00:00:00
511,6,55,0,413047,2019-03-24 00:00:00,2019-03-24 00:00:00
512,6,56,0,413047,2019-03-24 00:00:00,2019-03-24 00:00:00
513,6,57,0,413047,2019-03-24 00:00:00,2019-03-24 00:00:00
514,6,58,0,413047,2019-03-24 00:00:00,2019-03-24 00:00:00
515,6,59,0,413047,2019-03-24 00:00:00,2019-03-24 00:00:00
516,6,60,0,413047,2019-03-24 00:00:00,2019-03-24 00:00:00
517,6,61,0,413047,2019-03-24 00:00:00,2019-03-24 00:00:00
518,6,62,0,413047,2019-03-24 00:00:00,2019-03-24 00:00:00
519,6,63,0,413047,2019-03-24 00:00:00,2019-03-24 00:00:00
520,6,64,0,413047,2019-03-24 00:00:00,2019-03-24 00:00:00
521,6,65,0,413047,2019-03-24 00:00:00,2019-03-24 00:00:00
522,6,66,0,413047,2019-03-24 00:00:00,2019-03-24 00:00:00
523,6,67,0,413047,2019-03-24 00:00:00,2019-03-24 00:00:00
524,6,68,0,413047,2019-03-24 00:00:00,2019-03-24 00:00:00
525,6,69,0,413047,2019-03-24 00:00:00,2019-03-24 00:00:00
526,6,70,0,413047,2019-03-24 00:00:00,2019-03-24 00:00:00
527,6,71,0,413047,2019-03-24 00:00:00,2019-03-24 00:00:00
528,6,72,0,413047,2019-03-24 00:00:00,2019-03-24 00:00:00
529,6,73,0,413047,2019-03-24 00:00:00,2019-03-24 00:00:00
530,6,74,0,413047,2019-03-24 00:00:00,2019-03-24 00:00:00
531,6,75,0,413047,2019-03-24 00:00:00,2019-03-24 00:00:00
532,6,76,0,413047,2019-03-24 00:00:00,2019-03-24 00:00:00
