1,100026,208024,2000-11-26,0,5,2,16,12,1,4,1,56,1,1,2000-11-26
2,102028,,2019-01-16,0,1,10,23,114,1,7,1,85,3,1,2000-11-26
3,102030,218055,2003-08-16,0,5,11,24,45,1,16,1,147,13,1,2000-11-26
4,103031,,2003-09-06,1,1,10,23,157,1,10,1,147,10,1,2000-11-26
5,103032,208023,2003-06-09,1,1,1,34,157,1,9,1,78,5,1,2000-11-26
6,104033,218038,2004-09-05,1,1,11,24,159,1,11,1,147,10,1,2000-11-26
7,107034,219001,2007-09-01,1,1,7,20,176,1,10,1,78,3,1,2000-11-26
8,107037,218035,2007-01-01,1,1,12,25,169,1,10,1,1,5,1,2000-11-26
9,107038,218057,2007-10-12,1,4,4,18,13,1,4,1,89,1,1,2000-11-26
10,107039,207006,2007-11-02,0,5,14,27,67,2,23,1,29,2,1,2000-11-26
11,107040,207008,2007-12-24,1,1,7,20,84,1,7,1,78,3,1,2000-11-26
12,108041,219030,2008-02-17,1,1,10,23,22,1,9,1,134,3,1,2000-11-26
13,108063,719021,2008-01-26,1,1,1,30,115,1,10,1,72,5,1,2000-11-26
14,110042,219016,2010-03-10,1,1,7,20,98,1,8,1,33,3,1,2000-11-26
15,110043,207037,2010-03-10,1,1,7,20,98,1,8,1,112,3,1,2000-11-26
16,111044,219015,2011-03-01,1,3,10,23,159,1,11,1,72,5,1,2000-11-26
17,111046,219011,2011-07-02,1,1,11,18,16,1,11,1,98,5,1,2000-11-26
18,111047,219010,2011-02-07,1,1,8,21,159,1,11,1,98,5,1,2000-11-26
19,111048,,2018-09-16,1,1,15,28,159,1,11,1,116,5,1,2000-11-26
20,111050,208020,2011-02-07,1,1,2,16,159,1,11,1,116,5,1,2000-11-26
21,111051,208027,2011-07-02,1,1,12,25,171,1,11,1,1,5,1,2000-11-26
22,111052,218053,2011-09-02,0,3,11,24,159,1,11,1,88,5,1,2000-11-26
23,111053,218023,2011-07-09,1,1,13,26,83,1,10,1,133,3,1,2000-11-26
24,111055,218028,2011-07-16,1,1,8,21,83,1,10,1,86,3,1,2000-11-26
25,111056,207038,2011-07-30,1,1,7,20,177,1,10,1,1,3,1,2000-11-26
26,111067,218036,1985-11-14,0,4,4,18,13,1,4,1,72,1,1,2000-11-26
27,112059,219017,2012-08-27,1,1,7,20,180,1,11,1,72,5,1,2000-11-26
28,113061,218054,2013-01-29,0,3,11,24,46,1,12,1,147,10,1,2000-11-26
29,113064,,2013-11-23,1,3,12,25,170,1,11,1,1,5,1,2000-11-26
30,113066,201095,2013-11-04,1,1,7,20,180,1,11,1,72,5,1,2000-11-26
31,113068,218040,2013-11-24,0,3,11,24,159,1,11,1,72,5,1,2000-11-26
32,114069,218059,2014-01-05,0,1,11,24,209,1,17,1,147,12,1,2000-11-26
33,114071,206101,2011-08-15,0,3,5,19,31,1,11,1,78,5,1,2000-11-26
34,114072,219022,2014-01-19,0,4,9,22,174,1,10,1,134,3,1,2000-11-26
35,114073,219021,2014-01-19,1,1,7,20,180,1,11,1,135,5,1,2000-11-26
36,114075,218058,2011-07-09,1,1,1,30,158,1,11,1,78,5,1,2000-11-26
37,114076,219027,2014-01-26,0,4,10,23,89,1,10,1,140,3,1,2000-11-26
38,114077,218039,2014-05-02,1,1,13,26,159,1,11,1,72,5,1,2000-11-26
39,114078,219028,2014-02-09,1,1,18,17,172,1,11,1,97,5,1,2000-11-26
40,114079,218048,2014-09-02,1,1,12,25,170,1,11,1,1,5,1,2000-11-26
41,114080,618045,2011-07-02,1,1,13,26,160,1,11,1,29,5,1,2000-11-26
42,114081,,2014-04-05,0,4,2,16,40,3,1,1,147,3,1,2000-11-26
43,181001,218050,1981-12-13,1,1,11,24,35,1,13,1,147,13,1,2000-11-26
44,183002,,1983-10-02,1,4,1,30,13,1,5,1,18,5,1,2000-11-26
45,184003,218051,1984-09-22,1,1,11,24,119,1,13,1,147,13,1,2000-11-26
46,185005,218034,1985-10-24,0,5,12,25,168,1,7,1,43,12,1,2000-11-26
47,185006,218025,1986-06-28,1,1,11,24,120,1,13,1,147,12,1,2000-11-26
48,185007,218032,1987-12-05,1,1,12,25,48,1,7,1,147,10,1,2000-11-26
49,187008,218042,1987-01-12,1,1,11,24,121,1,7,1,147,10,1,2000-11-26
50,188009,218047,1988-03-19,1,1,11,24,77,1,13,1,147,12,1,2000-11-26
51,189010,218020,1989-12-25,0,1,13,26,61,1,7,1,72,5,1,2000-11-26
52,191011,218043,1991-05-07,1,1,11,24,92,1,9,1,147,10,1,2000-11-26
53,191012,218041,1991-07-31,1,1,11,24,163,1,10,1,147,12,1,2000-11-26
54,191082,,1991-12-06,0,4,2,16,12,1,3,1,55,1,1,2000-11-26
55,192013,221218,1992-05-13,0,5,5,3,123,1,6,1,92,5,1,2000-11-26
56,193014,218031,1970-01-01,0,5,12,25,58,1,7,1,1,3,1,2000-11-26
57,193015,219023,1993-12-18,1,1,16,29,191,1,4,1,70,2,1,2000-11-26
58,194016,219002,1994-11-23,1,1,9,22,173,1,6,1,111,3,1,2000-11-26
59,195060,202247,1995-12-16,1,1,15,10,52,1,6,1,92,5,1,2000-11-26
60,197000,208026,1997-08-09,0,4,1,30,27,1,1,1,78,1,1,2000-11-26
61,197018,218029,1997-03-02,0,5,11,24,35,1,15,1,147,12,1,2000-11-26
62,197019,218052,1997-07-05,1,1,11,24,164,1,15,1,147,12,1,2000-11-26
63,197021,219024,1997-11-11,0,5,18,17,76,1,8,1,97,5,1,2000-11-26
64,198022,218046,1998-12-08,1,1,11,24,162,1,14,1,147,12,1,2000-11-26
65,199023,219012,1999-09-11,1,1,3,17,15,1,9,1,78,5,1,2000-11-26
66,199024,218026,1999-11-20,1,1,11,24,162,1,15,1,147,13,1,2000-11-26
67,200002,201098,2000-11-20,1,1,16,14,150,1,4,1,141,3,1,2000-11-26
68,205004,201009,2005-12-19,1,1,16,13,53,2,23,1,72,1,1,2000-11-26
69,206006,201014,2006-08-26,0,5,16,29,24,1,19,1,89,2,1,2000-11-26
70,207009,201032,2007-10-07,1,1,16,13,53,3,24,1,17,1,1,2000-11-26
71,207010,201006,2007-11-18,1,1,16,14,70,2,23,1,129,2,1,2000-11-26
72,208011,201037,2008-04-09,1,1,16,11,1,3,24,1,66,1,1,2000-11-26
73,208012,201043,2008-08-30,1,1,16,11,1,2,23,1,1,1,1,2000-11-26
74,208013,201044,2008-09-01,0,5,16,11,24,3,24,1,66,1,1,2000-11-26
75,208014,201040,2008-09-01,1,1,16,14,70,3,24,1,86,2,1,2000-11-26
76,208015,201041,2008-09-01,1,1,16,11,1,3,24,1,66,2,1,2000-11-26
77,208016,201048,2008-09-16,0,5,16,29,17,4,25,1,130,1,1,2000-11-26
78,208017,201047,2008-09-22,1,1,16,13,53,3,24,1,89,2,1,2000-11-26
79,208018,201049,2008-10-25,1,1,16,14,70,4,25,1,102,1,1,2000-11-26
80,208019,201053,2008-11-19,0,4,16,29,54,2,23,1,72,1,1,2000-11-26
81,209020,201052,2009-01-03,1,1,16,13,53,4,1,1,86,2,1,2000-11-26
82,209021,201057,2009-02-14,1,1,16,13,139,2,23,1,72,2,1,2000-11-26
83,209022,201065,2009-10-18,1,1,16,11,1,2,23,1,66,2,1,2000-11-26
84,209023,201064,2009-10-19,1,1,16,11,1,2,23,1,66,2,1,2000-11-26
85,209024,201066,2009-10-26,1,1,16,11,1,3,24,1,66,1,1,2000-11-26
86,209025,201056,2009-11-01,1,1,16,29,93,4,25,1,138,5,1,2000-11-26
87,210026,201068,2010-01-13,1,1,16,13,104,4,25,1,72,2,1,2000-11-26
88,210027,201069,2010-04-07,1,1,16,14,24,3,24,1,89,3,1,2000-11-26
89,210029,201071,2010-10-05,1,1,16,13,24,3,24,1,72,1,1,2000-11-26
90,211030,201072,2011-09-17,1,1,16,13,105,4,1,1,86,2,1,2000-11-26
91,211032,201073,2011-09-27,1,1,16,13,24,3,24,1,128,2,1,2000-11-26
92,211033,201075,2011-10-26,1,1,16,13,24,2,23,1,18,2,1,2000-11-26
93,212035,201077,2012-01-18,1,1,16,14,24,2,1,1,86,1,1,2000-11-26
94,212038,201080,2013-01-09,1,1,16,14,193,1,19,1,113,2,1,2000-11-26
95,212040,201081,2013-08-23,1,1,16,14,24,4,25,1,86,2,1,2000-11-26
96,212041,201086,2012-11-13,0,4,16,29,24,3,24,1,18,2,1,2000-11-26
97,213042,201084,2013-01-29,1,1,16,14,24,1,19,1,89,1,1,2000-11-26
98,213043,201083,2013-01-29,1,1,16,11,24,1,19,1,1,1,1,2000-11-26
99,213044,201085,2013-02-11,1,1,16,11,53,1,19,1,72,2,1,2000-11-26
100,213045,201087,2013-09-03,1,1,16,14,17,1,4,1,130,1,1,2000-11-26
101,213046,201089,2013-02-10,0,5,16,29,1,3,24,1,1,2,1,2000-11-26
102,213047,201088,2013-10-02,1,1,16,13,24,3,24,1,72,2,1,2000-11-26
103,213048,213048,2013-10-03,0,5,16,29,70,1,19,1,89,2,1,2000-11-26
104,213049,213049,2013-10-03,1,1,16,14,70,1,19,1,89,2,1,2000-11-26
105,213050,201092,2013-10-24,0,5,16,11,60,2,1,1,1,1,1,2000-11-26
106,213051,201093,2013-10-24,1,1,16,14,24,2,23,1,89,2,1,2000-11-26
107,213052,201094,2013-10-27,1,1,16,14,70,1,19,1,36,2,1,2000-11-26
108,213053,201096,2013-11-11,1,1,16,11,1,1,19,1,36,2,1,2000-11-26
109,214054,201097,2014-01-05,1,1,16,11,24,5,27,1,1,2,1,2000-11-26
110,214055,101170,2013-03-09,1,1,16,14,17,1,5,1,130,1,1,2000-11-26
111,215056,201171,2015-01-19,1,1,16,14,24,3,1,1,18,2,1,2000-11-26
112,215057,201172,2015-02-24,1,1,16,13,194,1,19,1,147,1,1,2000-11-26
113,215058,201173,2015-02-24,1,1,16,14,24,1,1,1,36,2,1,2000-11-26
114,215059,201177,2015-06-10,1,1,16,14,24,2,1,0,152,1,1,2000-11-26
115,215061,,2015-11-25,0,5,16,29,24,1,1,2,147,2,1,2000-11-26
116,216062,201180,2016-01-05,1,1,16,14,192,1,5,1,72,2,1,2000-11-26
117,290001,201019,1990-10-21,0,5,16,29,9,1,4,1,18,2,1,2000-11-26
118,303006,205010,2003-01-22,1,1,6,15,43,3,24,1,133,1,1,2000-11-26
119,303007,205013,2003-01-25,1,5,6,15,39,4,25,1,133,2,1,2000-11-26
120,304008,205191,2005-04-17,1,1,6,15,43,1,1,1,133,2,1,2000-11-26
121,306010,205036,2006-09-02,1,1,6,15,43,3,24,1,133,2,1,2000-11-26
122,306011,205045,2006-09-09,1,2,6,15,39,3,24,1,133,2,1,2000-11-26
123,307014,205072,2007-01-09,0,4,6,15,51,1,25,1,133,2,1,2000-11-26
124,307016,205068,2007-09-18,1,5,6,15,39,3,24,1,133,1,1,2000-11-26
125,307017,205088,2007-11-03,0,5,6,15,43,2,23,1,133,1,1,2000-11-26
126,307018,205047,2007-03-11,0,5,6,15,43,2,23,1,133,2,1,2000-11-26
127,307019,205066,2007-11-14,1,1,6,15,43,2,23,1,133,1,1,2000-11-26
128,308020,205089,2008-01-01,1,1,6,15,43,6,26,1,133,2,1,2000-11-26
129,308021,205090,2008-01-26,1,1,6,15,43,2,23,1,133,2,1,2000-11-26
130,308022,205094,2008-04-20,0,5,6,15,43,6,26,1,133,2,1,2000-11-26
131,308023,205093,2008-08-30,1,1,6,15,43,3,24,1,133,3,1,2000-11-26
132,308024,205251,2008-08-30,1,1,6,15,57,6,1,1,133,2,1,2000-11-26
133,309025,205119,2009-08-29,1,1,6,15,43,3,24,1,133,2,1,2000-11-26
134,309027,205126,2010-09-26,1,5,6,15,39,4,25,1,133,3,1,2000-11-26
135,309029,205131,2009-11-04,0,5,6,15,43,6,26,1,133,2,1,2000-11-26
136,309030,205129,2009-11-14,1,1,6,15,43,5,27,1,133,2,1,2000-11-26
137,310031,205118,2010-01-02,0,4,6,15,43,1,5,1,133,2,1,2000-11-26
138,310032,205254,2010-01-02,1,1,6,15,195,1,4,1,133,2,1,2000-11-26
139,310035,205138,2010-09-18,1,1,6,15,43,6,1,1,133,1,1,2000-11-26
140,310036,205137,2010-09-18,1,1,6,15,43,6,26,1,133,2,1,2000-11-26
141,310041,205128,2010-11-07,1,5,6,15,39,3,24,1,133,2,1,2000-11-26
142,310042,205253,2010-12-21,0,4,6,15,43,1,5,1,133,2,1,2000-11-26
143,311043,205144,2011-01-15,1,1,6,15,43,1,5,1,133,2,1,2000-11-26
144,311044,205145,2011-01-15,1,1,6,15,43,6,26,1,133,2,1,2000-11-26
145,311046,205161,2011-01-25,1,1,6,15,43,4,25,1,133,2,1,2000-11-26
146,311048,205148,2011-02-06,0,5,6,15,43,4,1,1,133,2,1,2000-11-26
147,311050,205146,2011-02-19,1,1,6,15,43,3,1,1,133,1,1,2000-11-26
148,311052,205134,2011-05-06,1,1,6,15,43,1,5,1,133,2,1,2000-11-26
149,311053,205257,2011-05-06,1,1,6,15,43,1,5,1,133,2,1,2000-11-26
150,311054,205192,2011-07-02,1,1,11,24,159,1,11,1,116,5,1,2000-11-26
151,311055,205152,2011-09-10,1,1,6,15,43,3,24,1,133,2,1,2000-11-26
152,311060,205153,2011-09-10,1,1,6,15,43,6,26,1,133,2,1,2000-11-26
153,311064,205174,2011-09-27,1,1,6,15,43,4,25,1,133,2,1,2000-11-26
154,311065,205162,2011-09-27,1,1,6,15,43,3,24,1,133,2,1,2000-11-26
155,311068,205164,2011-10-11,1,1,6,15,43,3,24,1,133,2,1,2000-11-26
156,311070,205184,2011-10-19,1,1,6,15,43,2,23,1,133,2,1,2000-11-26
157,311071,205168,2011-10-31,0,5,6,15,43,2,23,1,133,3,1,2000-11-26
158,311073,205165,2011-11-15,1,5,6,15,39,4,25,1,133,2,1,2000-11-26
159,311074,205173,2011-12-14,0,5,6,15,43,5,27,1,133,2,1,2000-11-26
160,311075,205172,2011-12-17,1,1,6,15,43,1,5,1,133,2,1,2000-11-26
161,311076,205169,2011-12-17,1,1,6,15,43,6,26,1,133,3,1,2000-11-26
162,311077,205175,2011-12-18,1,1,6,15,43,2,23,1,133,2,1,2000-11-26
163,311078,205185,2011-12-25,1,1,6,15,43,6,26,1,133,3,1,2000-11-26
164,312079,205181,2012-01-01,1,1,6,15,43,1,5,1,133,2,1,2000-11-26
165,312080,205180,2012-10-01,1,1,6,15,43,3,24,1,133,2,1,2000-11-26
166,312082,205188,2012-01-18,1,1,6,15,43,3,24,1,133,2,1,2000-11-26
167,312083,205176,2012-01-24,1,1,6,15,43,4,25,1,133,2,1,2000-11-26
168,312084,205177,2012-01-29,1,1,6,15,43,4,25,1,133,2,1,2000-11-26
169,312085,205183,2012-01-31,1,1,6,15,43,4,1,1,133,2,1,2000-11-26
170,312086,205179,2012-01-31,1,2,6,15,39,2,23,1,133,2,1,2000-11-26
171,312087,205182,2012-02-06,1,1,6,15,43,5,27,1,133,2,1,2000-11-26
172,312088,205186,2012-02-15,1,1,6,15,43,4,25,1,133,2,1,2000-11-26
173,312090,205189,2012-02-18,0,5,6,15,43,5,27,1,133,2,1,2000-11-26
174,312091,205255,2012-02-29,1,1,6,15,43,2,1,1,133,3,1,2000-11-26
175,312096,205204,2012-09-01,1,1,6,15,43,2,23,1,133,1,1,2000-11-26
176,312097,205197,2012-09-01,1,1,6,15,43,6,26,1,133,2,1,2000-11-26
177,312098,205201,2012-09-01,1,1,6,15,43,6,26,1,133,2,1,2000-11-26
178,312099,205199,2012-09-01,1,1,6,15,43,6,1,1,133,2,1,2000-11-26
179,312100,205205,2012-09-02,1,5,6,15,43,6,26,1,133,3,1,2000-11-26
180,312101,205200,2012-09-02,1,5,6,15,43,6,26,1,133,2,1,2000-11-26
181,312102,205203,2012-02-09,1,5,6,15,43,6,26,1,133,2,1,2000-11-26
182,312103,205256,2012-09-15,1,1,6,15,43,6,26,1,133,1,1,2000-11-26
183,312104,205213,2012-09-18,1,2,6,15,39,4,25,1,133,2,1,2000-11-26
184,312105,205217,2012-09-22,1,1,6,15,43,4,25,1,133,2,1,2000-11-26
185,312106,205212,2012-09-30,0,5,6,15,43,4,25,1,133,1,1,2000-11-26
186,312107,205193,2012-10-06,1,1,6,15,43,1,5,1,133,2,1,2000-11-26
187,312109,205206,2012-10-10,1,1,6,15,43,4,25,1,133,2,1,2000-11-26
188,312112,205214,2012-11-26,1,1,6,15,43,4,1,1,133,1,1,2000-11-26
189,313115,205215,2013-01-07,1,5,6,15,43,6,26,1,133,2,1,2000-11-26
190,313116,205207,2013-01-15,1,1,6,15,43,1,1,1,133,2,1,2000-11-26
191,313117,205215,2013-02-03,1,1,6,15,43,3,24,1,133,2,1,2000-11-26
192,313118,205208,2013-02-05,1,1,6,15,43,1,19,1,133,2,1,2000-11-26
193,313119,205209,2013-02-19,1,1,6,15,43,1,1,1,133,2,1,2000-11-26
194,313120,205221,2013-03-03,1,1,6,15,43,5,1,1,133,2,1,2000-11-26
195,313121,205219,2013-03-12,1,1,6,15,51,1,19,1,133,1,1,2000-11-26
196,313122,205220,2013-03-12,0,5,6,15,43,1,19,1,133,1,1,2000-11-26
197,313123,205218,2013-03-16,1,1,6,15,43,1,19,1,133,2,1,2000-11-26
198,313124,205222,2013-06-04,1,1,6,15,43,1,19,1,133,2,1,2000-11-26
199,313125,205230,2013-03-09,1,1,6,15,43,1,5,1,133,2,1,2000-11-26
200,313127,205229,2013-09-05,1,6,6,15,43,1,19,1,133,1,1,2000-11-26
201,313128,205228,2013-09-05,1,1,6,15,43,1,19,1,133,2,1,2000-11-26
202,313129,205226,2013-09-11,1,1,6,15,43,1,19,1,133,2,1,2000-11-26
203,313130,205234,2013-09-16,1,5,6,15,43,6,26,1,133,3,1,2000-11-26
204,313131,205225,2013-09-16,1,1,6,15,43,1,19,1,133,2,1,2000-11-26
205,313132,205224,2013-09-24,1,1,6,15,43,1,19,1,133,2,1,2000-11-26
206,313133,205223,2013-09-23,1,1,6,15,43,1,19,1,133,2,1,2000-11-26
207,313134,205232,2013-09-26,1,1,6,15,43,1,1,1,133,2,1,2000-11-26
208,313135,205231,2013-10-01,1,1,6,15,43,1,19,1,133,2,1,2000-11-26
209,313136,205233,2013-10-02,0,5,6,15,43,4,25,1,133,2,1,2000-11-26
210,313137,205238,2013-09-29,0,5,6,15,43,1,19,1,133,2,1,2000-11-26
211,313138,205246,2013-10-10,1,5,6,15,39,2,23,1,133,2,1,2000-11-26
212,313139,205241,2013-10-03,1,1,6,15,43,1,19,1,133,2,1,2000-11-26
213,313140,205239,2013-03-10,1,1,6,15,43,1,1,1,133,1,1,2000-11-26
214,313141,205240,2013-10-03,1,1,6,15,43,1,19,1,133,2,1,2000-11-26
215,313142,205236,2013-06-10,1,1,6,15,196,1,1,1,133,2,1,2000-11-26
216,313143,205242,2013-10-22,1,1,6,15,43,4,25,1,133,3,1,2000-11-26
217,313144,205244,2013-10-23,0,5,6,15,43,6,26,1,133,3,1,2000-11-26
218,313145,205237,2013-10-22,1,1,6,15,43,1,1,1,133,2,1,2000-11-26
219,313146,205235,2013-10-22,1,1,6,15,43,1,19,1,133,2,1,2000-11-26
220,313147,205249,2013-10-31,1,1,6,15,43,2,23,1,133,1,1,2000-11-26
221,313148,205249,2013-10-30,1,5,6,15,39,2,23,1,133,1,1,2000-11-26
222,313149,205243,2013-11-25,1,4,6,15,39,4,25,1,133,2,1,2000-11-26
223,314150,205245,2014-01-01,0,5,6,15,43,1,1,1,133,2,1,2000-11-26
224,314151,205247,2014-01-05,1,1,6,15,43,1,19,1,133,2,1,2000-11-26
225,314152,205250,2014-01-19,1,5,6,15,39,4,25,1,133,2,1,2000-11-26
226,314153,205258,2014-02-09,0,3,6,15,43,1,5,1,133,2,1,2000-11-26
227,315155,201177,2015-01-04,1,1,6,15,43,6,1,0,44,2,1,2000-11-26
228,315157,205262,2015-09-14,1,1,6,15,43,5,1,0,133,3,1,2000-11-26
229,315158,205264,2015-09-15,1,1,6,15,43,4,1,0,133,2,1,2000-11-26
230,315159,205263,2015-09-15,0,5,6,15,43,4,25,0,147,2,1,2000-11-26
231,315161,,2015-10-13,0,5,6,15,43,6,26,0,44,2,1,2000-11-26
232,316162,2057328,2016-02-21,1,1,6,15,43,2,1,0,133,1,1,2000-11-26
233,316163,2057527,2016-02-13,1,1,6,15,43,6,26,0,133,2,1,2000-11-26
234,387001,218044,1987-02-04,0,5,11,24,15,1,5,1,147,10,1,2000-11-26
235,396002,205052,1996-01-29,0,5,6,15,3,1,25,1,133,2,1,2000-11-26
236,397003,205005,1997-10-05,1,1,6,15,2,4,25,1,133,1,1,2000-11-26
237,403007,206032,2003-03-30,1,1,5,1,98,1,7,1,78,4,1,2000-11-26
238,404009,206034,2004-04-13,1,1,5,1,98,1,8,1,78,3,1,2000-11-26
239,404010,206035,2004-05-08,0,3,5,1,98,1,8,1,78,3,1,2000-11-26
240,406011,202029,2006-09-27,1,1,14,27,59,3,24,1,58,1,1,2000-11-26
241,407012,206036,2007-02-25,0,6,5,6,75,3,24,1,96,2,1,2000-11-26
242,407013,,2007-06-05,0,5,5,1,31,3,1,1,29,3,1,2000-11-26
243,407014,206037,2007-03-11,1,1,5,1,31,3,1,1,96,5,1,2000-11-26
244,407015,221054,2007-05-28,1,1,5,1,31,3,24,1,29,3,1,2000-11-26
245,407016,219009,2007-07-15,1,1,3,17,114,1,9,1,85,3,1,2000-11-26
246,407017,221227,2007-10-06,1,1,5,2,31,2,23,1,28,3,1,2000-11-26
247,407018,206071,2007-11-27,1,1,5,1,31,2,23,1,96,3,1,2000-11-26
248,407019,221047,2013-05-21,0,3,5,1,98,1,8,1,78,5,1,2000-11-26
249,408020,202074,2008-04-20,1,1,5,1,67,3,24,1,29,3,1,2000-11-26
250,408021,202211,2009-01-01,1,1,5,19,31,3,24,1,96,5,1,2000-11-26
251,408025,205142,2008-11-12,1,1,6,15,67,3,1,1,78,2,1,2000-11-26
252,408026,201067,2008-11-12,1,1,5,1,67,3,24,1,112,3,1,2000-11-26
253,408027,221226,2008-12-28,0,5,5,2,21,4,25,1,58,3,1,2000-11-26
254,409028,221043,2009-02-11,1,1,5,1,67,3,24,1,96,2,1,2000-11-26
255,409029,221052,2009-09-09,0,5,5,1,75,4,25,1,96,3,1,2000-11-26
256,410031,221037,2010-01-09,1,1,5,1,75,4,1,1,58,3,1,2000-11-26
257,410032,221221,2010-03-10,1,1,5,3,69,1,8,1,85,3,1,2000-11-26
258,410033,206088,2010-08-23,1,1,5,1,31,1,9,1,78,3,1,2000-11-26
259,410034,221050,2010-08-23,1,1,5,1,31,1,9,1,78,2,1,2000-11-26
260,410035,221040,2010-10-20,1,1,5,2,67,3,24,1,139,2,1,2000-11-26
261,411037,221212,2011-07-02,1,1,5,3,159,1,11,1,58,5,1,2000-11-26
262,411038,221042,2011-09-27,1,1,14,6,67,3,1,1,27,2,1,2000-11-26
263,411039,221055,2011-10-12,1,1,5,1,67,3,24,1,58,3,1,2000-11-26
264,411040,221053,2011-10-12,1,1,5,1,67,3,1,1,78,3,1,2000-11-26
265,412041,221056,2012-01-18,1,1,5,1,67,2,23,1,78,3,1,2000-11-26
266,413042,221215,2013-01-15,0,5,5,1,98,1,3,1,78,2,1,2000-11-26
267,413045,221225,2013-05-22,1,1,5,2,67,3,24,1,139,3,1,2000-11-26
268,413048,221224,2013-10-03,0,6,5,2,32,1,2,1,78,3,1,2000-11-26
269,414049,221219,2014-03-09,1,1,5,3,182,1,10,1,85,3,1,2000-11-26
270,414051,221223,2014-08-31,1,2,5,1,67,1,8,1,139,3,1,2000-11-26
271,414052,221230,2014-12-10,0,5,5,1,31,1,1,1,29,3,1,2000-11-26
272,414053,221232,2014-09-01,1,1,5,1,31,1,2,1,29,3,1,2000-11-26
273,414054,22113337,2014-09-01,1,1,5,1,49,1,1,1,132,3,1,2000-11-26
274,415055,221233,2015-08-01,0,6,5,1,31,2,23,1,29,3,1,2000-11-26
275,415056,221234,2015-10-30,1,1,5,2,187,2,23,1,33,3,1,2000-11-26
276,482001,221229,1982-12-31,0,5,5,2,36,1,8,1,1,3,1,2000-11-26
277,493002,221213,1993-07-03,0,5,5,3,15,1,8,1,147,10,1,2000-11-26
278,496003,221228,1996-09-14,1,1,5,1,186,1,11,1,29,10,1,2000-11-26
279,497004,206030,1997-02-03,1,1,5,1,184,1,5,1,78,2,1,2000-11-26
280,499005,221214,1999-09-11,1,1,5,3,181,1,9,1,147,10,1,2000-11-26
281,499006,206031,1999-11-21,1,1,5,1,84,1,6,1,78,3,1,2000-11-26
282,499046,221216,1999-11-03,0,1,5,19,149,1,6,1,29,2,1,2000-11-26
283,500009,202006,2002-08-01,0,5,15,28,37,1,19,1,92,2,1,2000-11-26
284,500010,202197,2000-04-19,1,3,15,9,50,1,6,1,56,4,1,2000-11-26
285,501011,202016,2001-01-08,1,1,15,10,52,1,6,1,92,3,1,2000-11-26
286,504012,202011,2005-01-26,1,1,15,10,140,2,23,1,92,1,1,2000-11-26
287,506013,202024,2006-04-22,1,1,15,33,79,2,23,1,104,2,1,2000-11-26
288,506015,202025,2006-05-03,1,1,15,9,201,2,23,1,58,1,1,2000-11-26
289,506017,202026,2006-08-26,1,1,15,33,79,1,19,1,104,2,1,2000-11-26
290,507019,202190,2007-02-25,1,1,15,33,25,3,1,1,24,3,1,2000-11-26
291,507020,202198,2007-04-14,1,1,15,9,19,1,9,1,56,3,1,2000-11-26
292,507021,207036,2007-04-21,0,5,15,10,74,3,24,1,92,2,1,2000-11-26
293,507022,202036,2007-04-22,1,1,15,10,72,3,1,1,92,2,1,2000-11-26
294,507023,202046,2007-09-19,1,1,15,9,106,2,23,1,56,2,1,2000-11-26
295,507024,202181,2007-11-04,1,1,15,10,67,2,1,1,92,2,1,2000-11-26
296,507025,202188,2007-11-11,1,1,15,10,74,3,24,1,92,3,1,2000-11-26
297,508027,202066,2008-01-26,1,5,15,28,37,3,24,1,24,2,1,2000-11-26
298,508029,202071,2008-03-26,1,1,15,9,203,3,24,1,28,1,1,2000-11-26
299,508030,202185,2008-08-31,1,1,15,10,74,3,24,1,92,3,1,2000-11-26
300,508031,202081,2008-08-30,1,1,15,33,79,2,23,1,104,2,1,2000-11-26
301,508032,202080,2008-08-31,1,1,15,9,201,3,24,1,59,2,1,2000-11-26
302,508034,202082,2008-11-01,1,1,15,9,108,3,24,1,56,2,1,2000-11-26
303,508035,202088,2008-03-09,0,5,15,28,41,2,23,1,29,1,1,2000-11-26
304,508036,202194,2008-09-06,0,5,15,9,38,3,24,1,56,3,1,2000-11-26
305,508039,202193,2008-10-12,1,1,15,33,80,4,25,1,104,2,1,2000-11-26
306,508040,202106,2014-10-03,1,1,15,9,108,5,1,0,55,2,1,2000-11-26
307,508042,202249,2008-12-03,1,1,15,9,29,2,23,1,28,2,1,2000-11-26
308,508043,202171,2008-12-28,0,5,15,28,42,4,25,1,28,2,1,2000-11-26
309,508044,202128,2008-12-28,1,1,15,10,73,4,1,1,92,1,1,2000-11-26
310,509046,202071,2009-02-07,0,1,15,10,109,3,24,1,92,5,1,2000-11-26
311,509047,202131,2009-02-07,0,5,15,28,78,3,24,1,99,1,1,2000-11-26
312,509048,202189,2009-02-07,1,1,15,9,30,3,1,1,28,3,1,2000-11-26
313,509051,202046,2009-12-21,1,1,15,10,74,3,24,1,92,3,1,2000-11-26
314,510053,202167,2010-02-20,1,1,15,9,106,4,25,1,56,2,1,2000-11-26
315,510054,202168,2010-02-20,1,1,15,10,72,4,25,1,92,2,1,2000-11-26
316,510055,202166,2010-03-02,1,1,15,9,29,2,23,1,29,2,1,2000-11-26
317,510056,202191,2010-03-06,1,1,15,9,67,3,24,1,56,3,1,2000-11-26
318,510057,202180,2010-03-13,0,6,15,10,67,3,1,1,92,5,1,2000-11-26
319,510058,202170,2010-05-15,0,5,15,28,39,3,24,1,58,2,1,2000-11-26
320,510059,202213,2010-08-23,1,1,15,9,30,1,9,1,29,3,1,2000-11-26
321,510060,202175,2010-09-24,1,1,15,9,106,4,25,1,56,2,1,2000-11-26
322,510061,202176,2010-10-27,1,1,15,9,108,2,23,1,56,1,1,2000-11-26
323,511062,202186,2011-03-07,1,1,15,10,74,4,25,1,92,5,1,2000-11-26
324,511063,202178,2011-03-27,1,1,15,10,73,2,23,1,92,2,1,2000-11-26
325,511064,202243,2011-05-14,1,5,15,28,37,3,24,1,92,1,1,2000-11-26
326,511067,202202,2011-11-30,1,1,15,10,72,3,24,1,92,2,1,2000-11-26
327,512071,202205,2012-01-02,1,1,15,10,72,2,23,1,92,2,1,2000-11-26
328,512072,202206,2012-01-18,1,1,15,10,72,4,25,1,92,2,1,2000-11-26
329,512073,202207,2012-01-18,1,1,15,10,72,4,25,1,92,1,1,2000-11-26
330,512074,202215,2012-01-18,0,5,15,28,42,2,23,1,58,3,1,2000-11-26
331,512075,202216,2012-01-18,0,5,15,28,93,2,23,1,59,3,1,2000-11-26
332,512076,202208,2012-11-02,1,1,15,10,72,3,24,1,88,1,1,2000-11-26
333,512077,202210,2012-02-15,1,5,15,28,73,3,24,1,59,2,1,2000-11-26
334,512078,202217,2012-09-01,1,1,15,33,79,2,23,1,104,2,1,2000-11-26
335,512079,202218,2012-09-26,1,1,15,10,72,3,24,1,92,2,1,2000-11-26
336,512080,202221,2012-09-26,1,1,15,9,108,3,24,1,56,2,1,2000-11-26
337,512081,202219,2012-09-30,1,5,15,28,67,4,25,1,92,2,1,2000-11-26
338,512082,202220,2012-10-03,1,1,15,10,72,4,25,1,92,2,1,2000-11-26
339,512084,202222,2012-07-11,1,1,15,33,26,4,1,1,24,1,1,2000-11-26
340,512085,202223,2012-11-24,1,5,15,28,33,4,25,1,56,2,1,2000-11-26
341,512087,202224,2012-12-11,1,1,15,33,80,3,24,1,104,2,1,2000-11-26
342,513089,202230,2013-02-17,0,5,15,9,42,3,24,1,56,2,1,2000-11-26
343,513090,202226,2013-04-13,0,5,15,9,39,1,19,1,58,2,1,2000-11-26
344,513091,202228,2013-04-14,1,1,15,10,72,1,19,1,92,2,1,2000-11-26
345,513092,202227,2013-04-17,0,5,15,28,39,1,19,1,78,2,1,2000-11-26
346,513093,202237,2013-09-12,1,1,15,9,40,3,24,1,59,3,1,2000-11-26
347,513094,202235,2013-09-24,1,1,15,10,78,5,1,1,99,2,1,2000-11-26
348,513095,202231,2013-09-03,0,5,15,28,108,5,27,1,56,2,1,2000-11-26
349,513098,202232,2013-10-23,1,1,15,9,108,2,23,1,59,1,1,2000-11-26
350,513099,202234,2013-10-24,1,1,15,10,72,2,23,1,92,2,1,2000-11-26
351,513100,202236,2013-11-06,1,1,15,9,108,6,26,1,56,2,1,2000-11-26
352,513097,202247,2013-03-10,0,1,15,9,206,1,1,1,58,3,1,2000-11-26
353,514101,202238,2014-05-01,1,1,15,9,39,1,1,1,56,2,1,2000-11-26
354,514102,202239,2014-01-16,1,1,15,33,199,1,19,1,104,1,1,2000-11-26
355,514103,202240,2014-06-02,1,1,15,9,108,4,1,1,56,1,1,2000-11-26
356,514104,202291,2014-03-04,1,4,15,28,68,4,25,1,131,2,1,2000-11-26
357,514105,202214,2013-01-21,0,5,15,28,109,4,25,1,92,3,1,2000-11-26
358,514106,202246,2014-09-07,1,1,15,9,37,1,1,1,56,1,1,2000-11-26
359,514107,202245,2014-08-28,1,1,15,33,26,1,19,1,24,2,1,2000-11-26
360,514108,402187,2013-10-25,1,1,15,33,199,1,1,1,104,1,1,2000-11-26
361,514109,202251,2014-12-10,1,1,15,33,26,1,19,1,24,2,1,2000-11-26
362,514110,221231,2014-10-12,1,2,15,28,37,1,3,1,24,2,1,2000-11-26
363,514111,202252,2014-02-11,1,1,15,33,26,3,1,1,58,1,1,2000-11-26
364,514113,202253,2014-12-22,1,1,15,9,201,3,1,1,55,1,1,2000-11-26
365,514114,202259,2014-12-28,1,1,15,9,156,1,1,1,58,3,1,2000-11-26
366,515114,202260,2015-01-20,1,1,15,9,40,3,1,1,59,2,1,2000-11-26
367,515115,202254,2015-03-02,1,1,15,9,135,1,3,1,59,3,1,2000-11-26
368,515116,202256,2015-03-02,1,1,15,9,201,1,19,1,58,2,1,2000-11-26
369,515117,202255,2015-03-02,1,1,15,9,200,1,21,1,59,1,1,2000-11-26
370,515118,202257,2015-02-24,1,1,15,9,108,4,1,0,60,1,1,2000-11-26
371,515119,202258,2015-02-03,1,1,15,9,37,1,1,1,57,2,1,2000-11-26
372,515120,202262,2015-03-23,1,1,15,9,202,1,19,1,59,2,1,2000-11-26
373,515121,202263,2015-04-09,1,1,15,10,68,1,1,1,92,2,1,2000-11-26
374,515122,202264,2015-09-02,1,1,15,10,72,4,1,1,92,1,1,2000-11-26
375,515123,202266,2015-02-09,1,1,15,9,30,4,25,1,28,2,1,2000-11-26
376,515124,202265,2015-09-07,1,1,15,10,72,3,1,1,77,2,1,2000-11-26
377,515125,202267,2015-11-03,1,1,15,9,108,3,1,1,61,1,1,2000-11-26
378,515126,202268,2015-10-01,1,1,15,9,37,5,1,1,60,2,1,2000-11-26
379,515127,,0000-00-00,0,4,15,18,0,0,1,0,147,0,1,2000-11-26
380,516127,2028127,2016-06-03,1,1,15,9,201,2,1,1,56,1,1,2000-11-26
381,516128,2028930,2016-03-29,1,1,15,9,29,2,1,1,28,2,1,2000-11-26
382,516129,,2017-04-04,0,5,15,28,41,5,27,0,133,1,1,2000-11-26
383,585001,202005,1985-02-14,0,5,15,10,52,1,6,1,92,5,1,2000-11-26
384,591003,202244,1991-11-02,0,4,15,28,73,1,5,1,92,1,1,2000-11-26
385,592004,202212,1992-03-29,1,1,15,9,50,1,6,1,56,3,1,2000-11-26
386,597005,202103,1997-09-02,1,1,15,28,199,1,4,1,104,1,1,2000-11-26
387,598006,202010,1998-09-06,1,1,15,10,52,1,6,1,92,5,1,2000-11-26
388,599007,,1970-01-01,1,1,15,28,50,1,6,1,56,3,1,2000-11-26
389,599008,202015,1999-09-27,0,3,15,10,86,1,6,1,92,3,1,2000-11-26
390,604004,206007,2004-03-05,1,1,14,7,198,1,19,1,113,2,1,2000-11-26
391,604005,206009,2004-10-06,1,1,14,6,65,1,19,1,112,2,1,2000-11-26
392,606006,206011,2006-01-28,1,1,14,7,71,2,23,1,91,2,1,2000-11-26
393,606008,206013,2006-02-19,1,1,14,6,65,2,23,1,33,2,1,2000-11-26
394,606009,206012,2006-03-01,0,5,14,27,71,2,23,1,91,2,1,2000-11-26
395,606010,206017,2006-03-05,1,1,14,8,65,1,19,1,33,2,1,2000-11-26
396,606011,206018,2006-03-12,1,1,14,7,71,1,19,1,91,2,1,2000-11-26
397,606012,206020,2006-08-26,1,1,14,6,65,1,1,1,33,1,1,2000-11-26
398,606013,206022,2006-08-26,1,1,14,8,65,1,1,1,96,1,1,2000-11-26
399,606014,206023,2006-08-26,1,1,14,7,71,1,19,1,91,2,1,2000-11-26
400,606015,206021,2006-08-29,1,1,14,6,65,1,19,1,33,2,1,2000-11-26
401,607018,206048,2007-02-25,1,1,14,6,65,3,1,1,112,2,1,2000-11-26
402,607019,206046,2007-09-02,1,1,14,7,71,3,1,1,91,2,1,2000-11-26
403,607021,206049,2007-10-29,1,1,14,6,65,3,24,1,112,1,1,2000-11-26
404,608022,206038,2008-01-21,1,1,14,6,65,3,24,1,33,2,1,2000-11-26
405,608023,206055,2008-01-26,1,1,14,6,65,2,1,1,112,2,1,2000-11-26
406,608024,206040,2008-02-05,1,1,14,6,65,3,24,1,112,2,1,2000-11-26
407,608025,206056,2008-01-09,1,1,14,6,65,4,25,1,112,2,1,2000-11-26
408,608026,206058,2008-02-09,1,1,14,6,65,3,24,1,96,1,1,2000-11-26
409,609028,206068,2009-01-20,1,1,14,6,65,2,23,1,112,2,1,2000-11-26
410,609029,206073,2009-12-23,1,1,14,7,71,2,23,1,91,1,1,2000-11-26
411,610030,206076,2010-10-03,1,1,14,6,65,3,1,1,112,2,1,2000-11-26
412,610031,206077,2010-10-12,1,1,14,8,65,3,24,1,96,2,1,2000-11-26
413,610032,206079,2010-10-19,1,1,14,8,65,2,23,1,96,2,1,2000-11-26
414,610033,206078,2010-12-17,1,1,14,6,65,2,1,1,112,2,1,2000-11-26
415,611034,206082,2011-09-27,1,5,14,27,65,3,24,1,113,2,1,2000-11-26
416,611035,206083,2011-11-21,1,1,14,6,65,2,23,1,78,2,1,2000-11-26
417,612036,206084,2012-01-18,0,5,14,27,71,4,25,1,91,2,1,2000-11-26
418,612037,206085,2012-01-24,1,1,14,6,65,4,25,1,91,2,1,2000-11-26
419,612038,206086,2012-02-20,1,1,14,6,65,5,27,1,29,2,1,2000-11-26
420,612039,206087,2012-02-29,1,5,14,27,65,5,27,1,91,2,1,2000-11-26
421,612040,206092,2012-09-18,1,1,14,8,65,3,24,1,96,2,1,2000-11-26
422,612041,206089,2012-10-06,1,1,14,6,65,1,5,1,78,2,1,2000-11-26
423,612042,206091,2012-10-07,1,1,14,7,71,2,23,1,91,2,1,2000-11-26
424,612043,206090,2012-10-09,1,1,14,6,65,1,19,1,78,2,1,2000-11-26
425,613044,206093,2013-03-16,1,1,14,7,71,1,19,1,91,2,1,2000-11-26
426,613045,206095,2013-09-03,1,1,14,7,197,1,4,1,91,1,1,2000-11-26
427,613047,206097,2013-09-24,1,1,14,6,65,1,19,1,78,2,1,2000-11-26
428,613048,206096,2013-09-24,1,1,14,7,71,1,19,1,91,2,1,2000-11-26
429,613049,206098,2013-09-24,0,5,14,27,65,1,19,1,29,2,1,2000-11-26
430,613050,206099,2013-09-25,1,1,14,6,49,1,1,1,27,2,1,2000-11-26
431,613051,206100,2013-09-25,1,1,14,6,49,1,1,1,27,2,1,2000-11-26
432,614052,206103,2014-08-28,1,1,14,7,71,1,19,1,91,2,1,2000-11-26
433,614053,206102,2014-02-09,1,1,14,8,65,1,1,1,29,1,1,2000-11-26
434,614054,206104,2014-09-11,1,1,14,8,65,1,19,1,29,2,1,2000-11-26
435,614055,206105,2014-12-01,1,1,14,7,100,3,1,0,91,1,1,2000-11-26
436,615056,206106,2015-01-18,1,1,14,7,71,1,1,1,47,2,1,2000-11-26
437,615057,206107,2015-03-02,1,1,14,7,71,1,1,1,47,1,1,2000-11-26
438,615058,206108,2015-05-30,1,1,14,8,65,1,1,1,96,1,1,2000-11-26
439,615059,206109,2015-09-07,1,1,14,7,71,3,1,1,91,2,1,2000-11-26
440,615060,,2015-11-09,0,5,14,6,65,2,1,0,76,2,1,2000-11-26
441,615061,,2016-01-03,1,5,14,27,59,5,1,0,29,2,1,2000-11-26
442,695001,206003,1995-12-07,0,6,14,7,71,1,19,1,91,3,1,2000-11-26
443,695002,206004,1995-09-19,1,1,14,6,65,1,19,1,33,3,1,2000-11-26
444,695003,206002,1995-10-07,1,1,14,6,65,1,19,1,33,3,1,2000-11-26
445,316164,20512130,2016-08-28,1,1,6,15,43,6,26,1,147,2,1,2000-11-26
446,516130,20212932,2016-08-31,1,1,15,10,78,3,24,1,99,2,1,2000-11-26
447,516131,20212539,2016-08-31,1,1,15,9,29,3,24,1,29,2,1,2000-11-26
448,516132,20212931,2016-08-31,1,1,15,10,72,3,24,1,92,2,1,2000-11-26
449,316165,20512531,2016-09-01,1,1,6,15,43,4,25,1,44,2,1,2000-11-26
450,316166,20512530,2016-09-06,1,1,6,15,43,4,1,1,44,2,1,2000-11-26
451,615062,506106,2016-09-07,1,1,14,7,71,1,1,1,91,2,1,2000-11-26
452,616063,,2016-09-22,0,6,14,7,71,5,27,1,91,2,1,2000-11-26
453,516133,20213632,1970-01-01,1,1,15,10,109,4,1,1,92,3,1,2000-11-26
454,616064,20614230,2016-10-11,1,1,14,7,71,2,23,1,5,2,1,2000-11-26
455,194094,106003,2016-09-04,0,4,1,16,12,1,2,1,78,1,1,2000-11-26
456,215088,,2016-09-04,0,3,16,29,54,1,1,1,89,2,1,2000-11-26
457,213081,101183,2016-10-03,0,4,16,18,24,1,1,1,147,0,1,2000-11-26
458,516134,20214431,2016-10-16,1,1,15,10,205,1,9,1,92,3,1,2000-11-26
459,516135,20214432,2016-10-18,1,1,15,9,96,2,1,1,7,1,1,2000-11-26
460,416057,22125471,2016-11-02,0,6,5,2,21,4,1,1,142,2,1,2000-11-26
461,516136,20214432,2016-11-22,1,1,15,9,29,5,1,1,29,1,1,2000-11-26
462,215060,201178,2015-12-16,1,1,16,13,104,1,5,1,72,2,1,2000-11-26
463,516137,20216331,2016-11-30,1,1,15,9,108,3,24,1,56,1,1,2000-11-26
464,111057,,2016-12-18,1,1,9,22,34,1,9,1,70,2,1,2000-11-26
465,112062,,2016-12-18,1,1,9,22,174,1,10,1,134,3,1,2000-11-26
466,111054,,2016-12-18,1,1,9,22,83,1,10,1,137,3,1,2000-11-26
467,516138,,2016-12-27,0,6,15,9,108,3,24,1,56,2,1,2000-11-26
468,517140,20216647,2017-01-17,1,1,15,9,30,2,23,1,27,2,1,2000-11-26
469,517140,20216647,2016-12-16,1,1,15,9,30,2,23,1,27,2,1,2000-11-26
470,189010,,1970-01-01,0,1,13,26,61,1,7,1,72,5,1,2000-11-26
471,517141,20217736,2017-02-01,1,1,15,10,101,3,1,1,92,3,1,2000-11-26
472,517139,20217034,2017-01-09,1,1,15,10,72,2,23,1,92,2,1,2000-11-26
473,510056,,1970-01-01,1,1,15,9,67,3,24,1,56,3,1,2000-11-26
474,314154,,2017-04-20,0,1,6,15,15,1,10,1,44,3,1,2000-11-26
475,313126,205227,2017-09-05,0,5,6,15,43,1,1,1,133,2,1,2000-11-26
476,315160,,2015-10-22,0,5,6,15,43,4,1,0,133,2,1,2000-11-26
477,617065,20621650,2013-09-01,1,1,14,27,137,1,10,1,44,3,1,2000-11-26
478,417058,22121838,2017-09-10,1,1,5,1,189,4,25,1,147,3,1,2000-11-26
479,217063,20123249,2017-10-11,0,6,16,11,24,3,1,1,152,1,1,2000-11-26
480,315156,20522039,2017-09-13,1,1,6,15,43,4,1,1,125,2,1,2000-11-26
481,317168,20521637,2017-09-05,1,1,6,15,43,5,1,1,147,2,1,2000-11-26
482,317169,20522641,2017-09-20,0,6,6,15,43,6,1,1,10,2,1,2000-11-26
483,617067,20622642,2017-09-21,1,1,14,7,71,5,27,1,5,1,1,2000-11-26
484,517142,20222742,2017-09-26,1,1,15,9,201,3,24,1,58,2,1,2000-11-26
485,517143,20224071,2000-11-18,0,1,15,10,204,1,8,1,23,3,1,2000-11-26
486,516138,,1970-01-01,0,6,15,9,108,3,24,1,56,2,1,2000-11-26
487,516138,,1970-01-01,0,6,15,9,108,3,24,1,56,2,1,2000-11-26
488,517144,20223771,2017-11-06,1,1,15,9,108,3,1,1,57,2,1,2000-11-26
489,100025,,2018-04-21,1,1,7,20,62,1,1,1,78,2,1,2000-11-26
490,413048,,1970-01-01,0,6,5,2,32,1,2,1,78,3,1,2000-11-26
491,218064,118027,2018-03-07,1,1,1,30,12,1,4,1,2,1,1,2000-11-26
492,403008,221222,2018-01-01,1,1,5,1,84,1,7,1,78,3,1,2000-11-26
493,118083,,1970-01-01,0,4,12,25,116,1,1,1,1,0,1,2000-11-26
494,618069,20625072,2018-01-23,0,1,14,7,71,2,23,1,91,2,1,2000-11-26
495,107036,218030,1970-01-01,1,1,13,26,138,1,10,1,72,3,1,2000-11-26
496,418060,12111535,2011-12-05,1,1,5,1,83,1,10,1,87,2,1,2000-11-26
497,617068,20623973,2018-02-05,1,1,5,2,185,1,5,1,112,2,1,2000-11-26
498,311049,,2017-10-07,1,1,6,15,43,2,23,1,133,2,1,2000-11-26
499,618070,106153,2018-02-08,1,1,14,8,65,4,1,1,82,1,1,2000-11-26
500,617066,20622040,1970-01-01,1,1,14,8,65,2,1,1,96,2,1,2000-11-26
501,511069,202203,2018-03-11,1,1,15,10,72,2,23,1,92,2,1,2000-11-26
502,413047,221223,2018-02-25,1,1,5,2,98,1,3,1,29,3,1,2000-11-26
503,408023,221049,2018-02-25,0,5,5,2,67,3,1,1,29,3,1,2000-11-26
504,408022,221051,2018-02-25,1,1,5,2,31,3,24,1,29,2,1,2000-11-26
505,408024,221046,2018-02-25,1,1,5,2,31,3,24,1,29,2,1,2000-11-26
506,113065,219019,2013-10-24,1,1,7,20,180,1,11,1,136,5,1,2000-11-26
507,613046,,2013-03-09,0,3,5,2,7,1,5,1,78,2,1,2000-11-26
508,307015,205150,2007-09-01,1,1,6,15,43,3,1,1,133,3,1,2000-11-26
509,103029,218021,2003-04-01,1,1,13,26,138,1,9,1,72,3,1,2000-11-26
510,418061,22126272,2018-03-12,0,5,5,1,67,3,24,1,29,3,1,2000-11-26
511,599007,,1970-01-01,1,1,15,28,50,1,6,1,56,3,1,2000-11-26
512,101027,219026,2001-08-25,1,1,18,17,172,1,9,1,97,5,1,2000-11-26
513,613046,,2018-05-18,1,3,5,2,7,1,5,1,78,2,1,2000-11-26
514,517143,,2000-11-18,0,1,15,10,204,1,8,1,23,3,1,2000-11-26
515,518145,20226975,2018-04-10,1,1,15,10,67,3,1,1,92,3,1,2000-11-26
516,608027,,2008-11-15,1,1,14,6,65,2,23,1,82,2,1,2000-11-26
517,195017,,1970-01-01,1,1,11,24,161,1,7,1,88,3,1,2000-11-26
518,311059,,1970-01-01,1,1,9,22,126,5,27,1,133,2,1,2000-11-26
519,316161,,1970-01-01,1,1,10,23,43,6,26,1,44,2,1,2000-11-26
520,414050,,2018-06-18,1,1,5,3,183,1,10,1,85,3,1,2000-11-26
521,606017,,2018-08-19,1,1,14,6,64,3,24,1,33,2,1,2000-11-26
522,518146,20227375,2018-04-26,1,1,15,9,179,2,1,1,58,2,1,2000-11-26
523,185004,,1970-01-01,1,1,1,30,18,1,6,1,147,10,1,2000-11-26
524,111045,,1970-01-01,0,1,1,30,88,1,10,1,137,3,1,2000-11-26
525,606007,,1970-01-01,0,5,14,7,71,2,23,1,91,2,1,2000-11-26
526,599007,,1970-01-01,1,1,15,28,50,1,6,1,56,3,1,2000-11-26
527,599008,,1970-01-01,0,3,15,10,86,1,6,1,92,3,1,2000-11-26
528,517143,,2018-07-16,1,1,15,10,204,1,8,1,23,3,1,2000-11-26
529,513097,,1970-02-01,1,1,15,9,206,1,1,1,58,3,1,2000-11-26
530,509046,,1970-01-01,1,1,15,10,109,3,24,1,92,5,1,2000-11-26
531,111048,,2018-09-16,1,1,15,28,159,1,11,1,116,5,1,2000-11-26
532,114071,,1970-01-01,0,3,5,19,31,1,11,1,78,5,1,2000-11-26
533,118083,,1970-01-01,1,4,12,25,116,1,1,1,1,0,1,2000-11-26
534,218065,,2018-09-02,1,1,16,14,70,3,1,1,20,1,1,2000-11-26
535,318170,20528376,2018-09-02,1,1,6,15,43,3,1,1,10,2,1,2000-11-26
536,318171,20528576,2018-09-05,1,1,6,15,43,4,1,1,147,2,1,2000-11-26
537,114070,,1970-01-01,1,1,8,21,207,1,10,1,106,3,1,2000-11-26
538,618071,20629575,2018-09-18,1,1,14,7,71,6,1,1,91,1,1,2000-11-26
539,618072,20629675,2018-09-18,1,1,14,7,71,6,1,1,91,1,1,2000-11-26
540,218066,20130875,2018-10-01,1,1,16,11,1,3,24,1,1,2,1,2000-11-26
541,408022,,1970-01-01,1,1,5,2,31,3,24,1,29,2,1,2000-11-26
542,408022,,1970-01-01,1,1,5,2,31,3,24,1,29,2,1,2000-11-26
543,516134,,1970-01-01,1,1,15,10,205,1,9,1,92,3,1,2000-11-26
544,107035,,2018-11-01,1,1,12,25,116,1,10,1,1,3,1,2000-11-26
545,107035,,2018-11-01,1,1,12,25,116,1,10,1,1,3,1,2000-11-26
546,418062,,2019-01-05,1,1,5,35,208,4,1,1,82,3,1,2000-11-26
547,102028,,2019-01-16,0,1,10,23,114,1,7,1,85,3,1,2000-11-26
548,111045,,2018-12-05,1,1,1,30,88,1,10,1,137,3,1,2000-11-26
549,114069,,2018-12-10,1,1,11,24,209,1,17,1,147,12,1,2000-11-26
550,197000,,2019-01-07,0,4,1,30,27,1,1,1,78,1,1,2000-11-26
551,310042,,2019-01-07,0,4,6,15,43,1,5,1,133,2,1,2000-11-26
552,119084,,2007-10-07,1,1,4,18,13,1,4,1,72,1,1,2000-11-26
553,499046,,1999-11-03,1,1,5,19,149,1,6,1,29,2,1,2000-11-26
554,519147,,2007-10-24,1,1,15,9,56,1,4,1,132,1,1,2000-11-26
555,119085,,2000-07-28,1,1,1,30,27,1,1,1,88,1,1,2000-11-26
556,102028,,2019-01-16,1,1,10,23,114,1,7,1,85,3,1,2000-11-26
557,519148,,2019-01-17,1,1,15,9,179,6,1,1,26,2,1,2000-11-26
558,119086,,2000-11-14,1,1,8,21,207,1,8,1,92,3,1,2000-11-26
559,319172,,2019-01-22,1,1,6,15,0,2,1,1,133,0,1,2000-11-26
560,319173,,2019-01-22,1,1,6,5,0,2,1,1,133,2,1,2000-11-26
561,508036,,2019-01-06,0,5,15,9,38,3,24,1,56,3,1,2000-11-26
562,418061,,2019-01-06,0,5,5,1,67,3,24,1,29,3,1,2000-11-26
563,197000,,2019-01-23,0,4,1,30,27,1,1,1,78,1,1,2000-11-26
564,197000,,2019-01-24,0,4,1,30,27,1,1,1,78,1,1,2000-11-26
565,319174,,2019-01-31,1,1,6,15,43,2,1,1,44,1,1,2000-11-26
